	variable	value_counts	unique_values	nan_counts	nan_percentage
0	PID	{'40010031': 2, 'CA-001-LS': 1, 'CO-102-LP': 1, 'CO-040-ST': 1, 'CO-041-LC': 1, 'CO-042-LN': 1, 'CO-043-ZS': 1, 'CO-044-KM': 1, 'CO-045-AM': 1, 'CO-046-KL': 1, 'CO-047-LV': 1, 'CO-048-IB': 1, 'CO-049-LJ': 1, 'CO-050-AH': 1, 'CO-101-AN': 1, 'CO-103-MM': 1, 'CO-038-AG': 1, 'CO-104-IV': 1, 'CO-105-IV': 1, 'CO-106-AB': 1, 'CO-108-OG': 1, 'CO-109-AG': 1, 'CO-110-SW': 1, 'CO-111-AM': 1, 'CO-112-SN': 1, 'CO-113-MM': 1, 'CO-114-IG': 1, 'CO-115-SG': 1, 'CO-116-MR': 1, 'CO-117-AG': 1, 'CO-039-KG': 1, 'CO-037-LM': 1, 'CO-119-MG': 1, 'CO-022-EN': 1, 'CO-009-ZN': 1, 'CO-010-OB': 1, 'CO-011-SF': 1, 'CO-012-ON': 1, 'CO-013-AY': 1, 'CO-014-TN': 1, 'CO-015-OJ': 1, 'CO-016-CB': 1, 'CO-018/HP': 1, 'CO-019/KW': 1, 'CO-020/LM': 1, 'CO-021/LM': 1, 'CO-023-AN': 1, 'CO-036-UM': 1, 'CO-024-KM': 1, 'CO-025-TM': 1, 'CO-026-LT': 1, 'CO-027-IF': 1, 'CO-028-UV': 1, 'CO-029-YL': 1, 'CO-030-AL': 1, 'CO-031-LM': 1, 'CO-032-AR': 1, 'CO-033-LN': 1, 'CO-034-AS': 1, 'CO-035-SM': 1, 'CO-118-MG': 1, 'CO-120-MM': 1, 'CA-002-YF': 1, 'CO-121-MM': 1, 'CO-152-AF': 1, 'CO-153-YM': 1, '40010016': 1, '40010021': 1, '40010022': 1, '40000021': 1, '40010028': 1, '40010029': 1, '40010030': 1, '40010034': 1, '40010036': 1, '40010037': 1, '40010039': 1, '40010041': 1, '40010043': 1, '40010044': 1, '40010046': 1, '40010050': 1, '40010048': 1, '40010049': 1, '40010051': 1, '40010053': 1, '40010055': 1, '40010056': 1, '40010052': 1, '40010057': 1, '40010054': 1, 'CO-151-AN': 1, 'CO-150-LN': 1, 'CO-149-LM': 1, 'CO-134-KK': 1, 'CO-122-IS': 1, 'CO-123-LZ': 1, 'CO-124-UM': 1, 'CO-125-MM': 1, 'CO-126-ID': 1, 'CO-127-MB': 1, 'CO-128-IV': 1, 'CO-129-IS': 1, 'CO-130-MM': 1, 'CO-131-AM': 1, 'CO-132-IM': 1, 'CO-133-KT': 1, 'CO-135-LT': 1, 'CO-148-IM': 1, 'CO-136-SM': 1, 'CO-137-AM': 1, 'CO-138-AT': 1, 'CO-139-MP': 1, 'CO-140-IM': 1, 'CO-141-IG': 1, 'CO-142-LP': 1, 'CO-143-AN': 1, 'CO-144-LM': 1, 'CO-145-HN': 1, 'CO-146-LK': 1, 'CO-147-SV': 1, 'CO-008-AF': 1, 'CO-007-IS': 1, 'CO-006-LM': 1, 'CA-105-LX': 1, 'CA-033-UD': 1, 'CA-034-LS': 1, 'CA-035-AR': 1, 'CA-036-TK': 1, 'CA-037-HM': 1, 'CA-038-LM': 1, 'CA-039-EM': 1, 'CA-040-ZK': 1, 'CA-041-AS': 1, 'CA-042-AM': 1, 'CA-043-SS': 1, 'CA-044-LM': 1, 'CA-045-HN': 1, 'CA-046-MT': 1, 'CA-047-MD': 1, 'CA-048-LN': 1, 'CA-049-MM': 1, 'CA-050-LN': 1, 'CA-051-AM': 1, 'CA-052-LM': 1, 'CA-053-NN': 1, 'CA-054-RN': 1, 'CA-055-LN': 1, 'CA-056-DH': 1, 'CA-101-ID': 1, 'CA-102-IR': 1, 'CA-103-BT': 1, 'CA-032-LN': 1, 'CA-031-AN': 1, 'CA-030-LM': 1, 'CA-015-AM': 1, 'CA-003-US': 1, 'CA-004-NK': 1, 'CA-005-BD': 1, 'CA-006-ON': 1, 'CA-007-NK': 1, 'CA-008-HN': 1, 'CA-009-ST': 1, 'CA-010-EB': 1, 'CA-011-LQ': 1, 'CA-012-LM': 1, 'CA-013-NN': 1, 'CA-014-LB': 1, 'CA-016-YT': 1, 'CA-029-TD': 1, 'CA-017-OM': 1, 'CA-018-AS': 1, 'CA-019-EC': 1, 'CA-020-AZ': 1, 'CA-021-IM': 1, 'CA-022-MS': 1, 'CA-023-EJ': 1, 'CA-024-ZM': 1, 'CA-025-AC': 1, 'CA-026-KM': 1, 'CA-027-IM': 1, 'CA-028-PN': 1, 'CA-104-SB': 1, 'CA-106-NM': 1, 'CO-005-SN': 1, 'CA-107-BM': 1, 'CA-138-SM': 1, 'CA-139-OS': 1, 'CA-140-EM': 1, 'CA-141-TC': 1, 'CA-142-AM': 1, 'CA-143-ST': 1, 'CA-144-HN': 1, 'CA-145-LM': 1, 'CA-146-SM': 1, 'CA-147-LJ': 1, 'CA-148-AL': 1, 'CA-149-LM': 1, 'CA-150-ZS': 1, 'CA-151-QR': 1, 'CA-152-HN': 1, 'CA-153-MN': 1, 'CA-154-OS': 1, 'CA-155-LS': 1, 'CA-156-MV': 1, 'CA-158-LC': 1, 'CA-159-AS': 1, 'CA-160-LB': 1, 'CA-161-OM': 1, 'CO-001-SM': 1, 'CO-002-MP': 1, 'CO-003-LT': 1, 'CO-004-LN': 1, 'CA-137-TM': 1, 'CA-136-OM': 1, 'CA-135-NS': 1, 'CA-120-ST': 1, 'CA-108-EJ': 1, 'CA-109-BJ': 1, 'CA-110-LN': 1, 'CA-111-IN': 1, 'CA-112-AM': 1, 'CA-113-MN': 1, 'CA-114-QT': 1, 'CA-115-OM': 1, 'CA-116-AN': 1, 'CA-117-SM': 1, 'CA-118-AS': 1, 'CA-119-AM': 1, 'CA-121-BT': 1, 'CA-134-IT': 1, 'CA-122-UK': 1, 'CA-123-PG': 1, 'CA-124-AB': 1, 'CA-125-IM': 1, 'CA-126-KB': 1, 'CA-127-OM': 1, 'CA-128-SN': 1, 'CA-129-AJ': 1, 'CA-130-SN': 1, 'CA-131-PM': 1, 'CA-132-LD': 1, 'CA-133-LT': 1, '40010058': 1}	244	0	0.0
1	HIV_exp	{'unknown': 102, 'Unexposed': 91, 'Exposed': 24}	4	28	11.428571428571429
2	PID_type	{1.0: 118, 0.0: 99}	3	28	11.428571428571429
3	diagnosis	{'AD': 116, 'HC': 101}	3	28	11.428571428571429
4	location	{'Rural': 112, 'Urban': 105}	3	28	11.428571428571429
5	hospital_name	{'Red Cross': 89, 'Nelson Mandela Academy': 60, 'Ngcwanguba': 16, 'Nzulwini': 13, 'Mapuzi': 11, 'Tshezi': 6, 'Gqubeni': 6, 'Langa Moravian Educare': 4, 'Bonginkosi': 3, 'Mbali': 2, 'Sinethemba': 2, 'Sikhuseleni Educare': 1, 'Good Hope': 1, 'Manata': 1, 'Sakhuluntu Educare': 1, 'Sikhona Educare': 1}	17	28	11.428571428571429
6	study_site	{0.0: 112, 1.0: 105}	3	28	11.428571428571429
7	enrolment_date	{'26.08.2015': 7, '09.09.2015': 7, '17.09.2015': 6, '21.09.2015': 6, '01.09.2015': 6, '14.09.2015': 6, '25.08.2015': 6, '10.09.2015': 6, '22.09.2015': 6, '18.04.2016': 5, '03.09.2015': 5, '18.09.2015': 4, '18.08.2015': 4, '28.09.2015': 4, '27.08.2015': 4, '17.08.2015': 4, '01.10.2015': 4, '19.05.2016': 4, '09.05.2016': 4, '24.02.2016': 4, '08.09.2015': 4, '29.02.2016': 4, '30.06.2015': 3, '02.09.2015': 3, '26.05.2016': 3, '20.11.2014': 3, '13.08.2015': 3, '17.06.2015': 3, '17.05.2016': 3, '21.10.2015': 3, '04.02.2016': 3, '05.03.2018': 2, '22.03.2016': 2, '13.11.2014': 2, '23.04.2015': 2, '20.05.2015': 2, '30.09.2015': 2, '29.09.2015': 2, '25.03.2015': 2, '23.09.2015': 2, '20.10.2015': 2, '01.07.2015': 2, '22.04.2015': 2, '07.03.2016': 2, '03.06.2015': 2, '25.06.2015': 2, '23.06.2015': 2, '01.12.2015': 2, '07.09.2015': 2, '17.03.2016': 2, '23.03.2016': 2, '11.04.2016': 2, '18.06.2015': 2, '18.05.2016': 2, '02.06.2015': 2, '11.08.2015': 2, '30.04.2015': 2, '20.08.2015': 2, '24.08.2015': 2, '19.08.2015': 1, '04.12.2017': 1, '25.05.2016': 1, '26.08.2017': 1, '22.05.2017': 1, '08.06.2017': 1, '09.03.2016': 1, '19.03.2018': 1, '11.05.2017': 1, '02.12.2014': 1, '05.02.2016': 1, '19.11.2015': 1, '27.01.2015': 1, '28.01.2015': 1, '29.01.2015': 1, '31.03.2015': 1, '16.04.2015': 1, '21.04.2015': 1, '29.04.2015': 1, '04.06.2015': 1, '24.06.2015': 1, '26.11.2015': 1, '03.03.2015': 1, '03.12.2015': 1, '14.04.2016': 1, '13.04.2016': 1, '24.05.2016': 1, '31.08.2015': 1, '26.01.2015': 1, '25.09.2015': 1, '11.11.2014': 1, '30.10.2014': 1, '08.02.2018': 1}	93	19	7.755102040816326
8	birthdate	{'19.04.2013': 3, '24.01.2014': 3, '13.12.2013': 3, '21.06.2013': 3, '11.08.2013': 2, '19.07.2013': 2, '08.03.2013': 2, '03.07.2014': 2, '26.04.2014': 2, '30.12.2013': 2, '07.06.2013': 2, '13.01.2014': 2, '25.09.2013': 2, '07.10.2013': 2, '04.05.2014': 2, '14.06.2014': 2, '04.08.2014': 2, '09.04.2013': 2, '16.09.2014': 2, '15.10.2013': 2, '15.07.2013': 2, '05.11.2013': 2, '05.09.2014': 2, '17.11.2012': 2, '19.03.2014': 2, '21.08.2014': 1, '14.12.2013': 1, '25.10.2014': 1, '05.01.2015': 1, '11.10.2014': 1, '21.07.2013': 1, '04.11.2013': 1, '23.11.2013': 1, '15.08.2014': 1, '08.07.2013': 1, '15.02.2015': 1, '12.11.2014': 1, '02.09.2013': 1, '04.12.2012': 1, '15.05.2014': 1, '01.04.2014': 1, '09.12.2013': 1, '12.09.2014': 1, '17.09.2012': 1, '02.11.2012': 1, '10.01.2013': 1, '14.04.2013': 1, '15.03.2013': 1, '15.03.2014': 1, '19.07.2012': 1, '03.07.2012': 1, '23.05.2014': 1, '18.11.2013': 1, '30.04.2013': 1, '15.01.2014': 1, '03.09.2014': 1, '18.07.2013': 1, '07.09.2013': 1, '02.10.2013': 1, '03.01.2014': 1, '11.03.2015': 1, '19.05.2014': 1, '05.11.2012': 1, '26.02.2014': 1, '20.07.2014': 1, '17.01.2014': 1, '25.05.2014': 1, '03.08.2013': 1, '06.08.2014': 1, '22.02.2013': 1, '11.02.2013': 1, '09.09.2014': 1, '06.02.2014': 1, '03.06.2013': 1, '22.01.2013': 1, '23.11.2012': 1, '20.10.2012': 1, '23.08.2014': 1, '06.07.2013': 1, '02.01.2014': 1, '18.12.2013': 1, '17.12.2014': 1, '17.02.2013': 1, '22.08.2013': 1, '24.10.2014': 1, '29.09.2014': 1, '24.09.2013': 1, '19.12.2014': 1, '13.05.2013': 1, '16.04.2014': 1, '12.05.2013': 1, '10.11.2013': 1, '14.03.2014': 1, '18.02.2014': 1, '30.09.2013': 1, '12.02.2013': 1, '29.01.2014': 1, '25.01.2014': 1, '25.08.2014': 1, '08.11.2013': 1, '19.12.2013': 1, '26.09.2012': 1, '29.12.2013': 1, '13.02.2013': 1, '20.12.2012': 1, '11.10.2012': 1, '15.04.2014': 1, '29.07.2012': 1, '31.01.2013': 1, '21.03.2014': 1, '01.08.2012': 1, '11.07.2014': 1, '20.07.2013': 1, '18.04.2013': 1, '10.10.2014': 1, '29.05.2014': 1, '28.11.2014': 1, '01.04.2015': 1, '09.05.2015': 1, '26.06.2014': 1, '30.05.2013': 1, '14.11.2014': 1, '12.12.2013': 1, '08.03.2014': 1, '15.11.2014': 1, '02.10.2012': 1, '12.06.2013': 1, '07.12.2013': 1, '04.09.2013': 1, '15.04.2012': 1, '14.09.2012': 1, '05.06.2012': 1, '17.04.2013': 1, '20.11.2012': 1, '31.01.2014': 1, '31.05.2013': 1, '18.02.2013': 1, '25.06.2013': 1, '02.08.2012': 1, '28.04.2014': 1, '28.06.2013': 1, '05.06.2014': 1, '26.08.2012': 1, '07.02.2013': 1, '13.02.2014': 1, '04.01.2014': 1, '02.03.2015': 1, '31.12.2013': 1, '12.08.2013': 1, '27.09.2014': 1, '26.02.2013': 1, '08.07.2014': 1, '22.09.2014': 1, '21.04.2014': 1, '28.08.2013': 1, '21.01.2013': 1, '19.01.2014': 1, '10.11.2014': 1, '29.03.2014': 1, '18.08.2014': 1, '25.11.2013': 1, '20.02.2014': 1, '25.08.2012': 1, '03.08.2012': 1, '22.08.2014': 1, '05.01.2014': 1, '03.03.2014': 1, '31.12.2012': 1, '07.08.2013': 1, '21.12.2013': 1, '03.09.2013': 1, '08.02.2014': 1, '05.12.2012': 1, '07.07.2014': 1, '31.03.2014': 1, '31.07.2014': 1, '17.11.2013': 1, '12.07.2013': 1, '30.06.2014': 1, '26.12.2013': 1, '04.07.2014': 1, '13.09.2013': 1, '03.07.2013': 1, '18.06.2013': 1, '12.12.2012': 1, '30.08.2012': 1, '22.07.2014': 1, '14.05.2014': 1}	189	28	11.428571428571429
9	enrolement_age	{17.0: 14, 14.0: 13, 12.0: 12, 19.0: 11, 23.0: 10, 21.0: 10, 20.0: 10, 13.0: 10, 35.0: 9, 25.0: 9, 18.0: 9, 28.0: 8, 24.0: 8, 15.0: 8, 22.0: 8, 16.0: 7, 26.0: 7, 31.0: 7, 32.0: 7, 27.0: 7, 34.0: 7, 29.0: 6, 30.0: 6, 33.0: 5, 36.0: 4, 37.0: 1, 38.0: 1, 11.0: 1, 9.0: 1, 10.0: 1}	31	28	11.428571428571429
10	gender	{1.0: 120, 2.0: 96}	3	29	11.83673469387755
11	weight	{10.8: 10, 13.6: 7, 11.2: 7, 11.7: 7, 10.2: 7, 12.2: 6, 12.9: 6, 12.0: 6, 12.3: 6, 12.5: 6, 10.0: 6, 14.1: 6, 12.8: 5, 11.4: 5, 10.5: 5, 13.1: 5, 10.6: 4, 12.4: 4, 11.3: 4, 13.5: 4, 12.7: 4, 11.9: 4, 10.1: 4, 13.9: 4, 13.0: 4, 13.7: 4, 11.8: 3, 9.5: 3, 11.5: 3, 11.1: 3, 13.4: 3, 9.1: 3, 15.6: 3, 14.8: 3, 8.5: 3, 11.6: 3, 11.0: 2, 8.8: 2, 16.2: 2, 13.2: 2, 9.3: 2, 10.7: 2, 15.0: 2, 14.5: 2, 8.9: 2, 16.5: 1, 14.7: 1, 8.4: 1, 17.6: 1, 14.3: 1, 10.9: 1, 17.8: 1, 16.7: 1, 13.3: 1, 8.2: 1, 16.4: 1, 17.7: 1, 9.2: 1, 15.5: 1, 15.1: 1, 19.2: 1, 10.4: 1, 9.7: 1, 12.6: 1, 10.3: 1, 21.2: 1, 14.0: 1, 9.4: 1, 15.8: 1, 9.0: 1, 8.7: 1, 14.6: 1, 16.8: 1, 8.1: 1}	75	28	11.428571428571429
12	height	{85.0: 16, 84.0: 16, 80.0: 15, 77.0: 14, 88.0: 14, 74.0: 13, 79.0: 12, 87.0: 10, 89.0: 10, 78.0: 9, 83.0: 9, 81.0: 9, 76.0: 8, 86.0: 8, 98.0: 6, 90.0: 6, 82.0: 6, 73.0: 5, 91.0: 4, 93.0: 4, 96.0: 3, 95.0: 3, 75.0: 3, 94.0: 3, 72.0: 3, 92.0: 2, 70.0: 2, 71.0: 1, 68.0: 1, 69.0: 1, 64.0: 1}	32	28	11.428571428571429
13	immun_bcg_birth	{1.0: 214}	2	31	12.653061224489797
14	immun_opv_0_birth	{1.0: 215}	2	30	12.244897959183673
15	immun_opv_1_6w	{1.0: 214, 0.0: 1}	3	30	12.244897959183673
16	immun_rv_1_6w	{1.0: 214, 0.0: 1}	3	30	12.244897959183673
17	immun_dtapipv_hib_1_6w	{1.0: 214, 0.0: 1}	3	30	12.244897959183673
18	immun_hepb_1_6w	{1.0: 214, 0.0: 1}	3	30	12.244897959183673
19	immun_pcv713_1_6w	{1.0: 214, 0.0: 1}	3	30	12.244897959183673
20	immun_dtapipv_hib_2_10w	{1.0: 214, 0.0: 1}	3	30	12.244897959183673
21	immun_hepb_2_10w	{1.0: 214, 0.0: 1}	3	30	12.244897959183673
22	immun_rv_2_14w	{1.0: 214, 0.0: 1}	3	30	12.244897959183673
23	immun_dtapipv_hib_3_14w	{1.0: 214, 0.0: 1}	3	30	12.244897959183673
24	immun_hepb3_14w	{1.0: 214, 0.0: 1}	3	30	12.244897959183673
25	immun_pcv713_2_14w	{1.0: 214, 0.0: 1}	3	30	12.244897959183673
26	immun_measles_9m	{1.0: 209, 0.0: 5}	3	31	12.653061224489797
27	immun_pcv713_3_9m	{1.0: 208, 0.0: 6}	3	31	12.653061224489797
28	immun_dtapipv_hib_4_18m	{1.0: 137, 0.0: 77}	3	31	12.653061224489797
29	immun_measales_18m	{1.0: 140, 0.0: 74}	3	31	12.653061224489797
30	vaccination_status	{1.0: 201, 2.0: 14}	3	30	12.244897959183673
31	paracetamol_exposure	{1.0: 222, 0.0: 21}	3	2	0.8163265306122449
32	paracetamol_exposure_age	{3.0: 43, 6.0: 35, 4.0: 32, 7.0: 19, 5.0: 18, 2.0: 18, 8.0: 17, 1.0: 11, 9.0: 11, 0.0: 11, 10.0: 6, 1.5: 3, 12.0: 3, 11.0: 1, 0.7: 1}	16	16	6.530612244897959
33	paracetamol_exposure_time	{1.0: 157, 2.0: 49, 0.0: 20, 3.0: 16}	5	3	1.2244897959183674
34	childhood_inf_measles	{'0': 242, '???': 1}	3	2	0.8163265306122449
35	childhood_inf_mumps	{0.0: 241, 1.0: 2}	3	2	0.8163265306122449
36	childhood_inf_rubella	{0.0: 243}	2	2	0.8163265306122449
37	childhood_inf_chickenpox	{0.0: 231, 1.0: 12}	3	2	0.8163265306122449
38	childhood_inf_giandular_fever	{0.0: 241, 1.0: 2}	3	2	0.8163265306122449
39	childhood_inf_tuberculosis	{0.0: 238, 1.0: 5}	3	2	0.8163265306122449
40	childhood_inf_hepatitis	{0.0: 243}	2	2	0.8163265306122449
41	childhood_inf_other	{0.0: 217, 1.0: 14}	3	14	5.714285714285714
42	childhood_inf_specify	{'Grippe': 3, 'Bronchitis': 2, 'virale': 2, 'LRTI': 1, 'pneumonia': 1, 'febrile seizures': 1, 'Rhinitis, Cough': 1, '3 Tage Fieber': 1, 'Mund-Hand-Fuss': 1, 'Pseudokrupp': 1}	11	231	94.28571428571429
43	antibiotic_exposure	{'1': 166, '0': 76, '???': 1}	4	2	0.8163265306122449
44	antibiotic_exposure_age	{6.0: 32, 0.0: 26, 8.0: 18, 3.0: 18, 4.0: 16, 5.0: 14, 9.0: 14, 1.0: 13, 7.0: 12, 2.0: 8, 12.0: 7, 10.0: 7, 11.0: 2, 1.5: 1}	15	57	23.26530612244898
45	antibiotic_exposure_courses	{2.0: 112, 1.0: 49, 3.0: 45, 0.0: 24, 4.0: 6}	6	9	3.673469387755102
46	antibiotic_exposure_last2months	{0.0: 163, 1.0: 78}	3	4	1.6326530612244898
47	anti_helminthic_exposure	{'1': 183, '0': 57, '???': 3}	4	2	0.8163265306122449
48	anti_helminthic_exposure_age	{'12': 163, '0': 28, '18': 9, '???': 4, '15': 2, '14': 2, '24': 2, '19': 1, '21': 1, '6': 1, '13': 1}	12	31	12.653061224489797
49	anti_helminthic_exposure_last	{'12': 71, '18': 51, '24': 40, '0': 28, '30': 11, '???': 3, '34': 2, '23': 1, '16': 1, '33': 1, '21': 1, '20': 1, '27': 1, '13': 1, '36': 1}	16	31	12.653061224489797
50	anti_helminthic_exposure_yearly	{'1': 151, '0': 89, '???': 3}	4	2	0.8163265306122449
51	probiotic_exposure	{'0': 226, '1': 16, '???': 1}	4	2	0.8163265306122449
52	probiotic_exposure_age	{0.0: 22, 1.0: 2, 11.0: 2, 8.0: 2, 6.0: 2, 4.0: 2, 10.0: 1, 5.0: 1, 12.0: 1, 3.0: 1, 1.5: 1}	12	208	84.89795918367346
53	probiotic_exposure_howoften	{0.0: 22, 1.0: 10, 3.0: 5, 2.0: 1}	5	207	84.48979591836735
54	probiotic_exposure_which	{'0': 22, 'Reuteri drops': 4, 'Reuteri': 3, 'Bigaia': 2, 'Probiflora': 1, 'Pro B2': 1, 'Symbiolact': 1, 'Bifidus': 1}	9	210	85.71428571428571
55	amasi_child_exposure	{1.0: 179, 0.0: 36}	3	30	12.244897959183673
56	amasi_child_exposure_age	{12.0: 76, 6.0: 24, 0.0: 21, 8.0: 12, 7.0: 10, 14.0: 9, 11.0: 9, 24.0: 8, 13.0: 7, 1.0: 6, 18.0: 5, 9.0: 5, 10.0: 4, 5.0: 3, 19.0: 1, 17.0: 1, 15.0: 1, 33.0: 1, 20.0: 1, 16.0: 1, 3.0: 1, 999.0: 1}	23	38	15.510204081632653
57	amasi_child_exposure_howoften	{2.0: 79, 3.0: 64, 0.0: 57, 1.0: 42}	5	3	1.2244897959183674
58	amasi_mother_exposure	{'0': 230, '???': 4, '1': 3, 'Bifidus': 1, 'Symbiolact': 1, 'Joughurt': 1, 'Actimel': 1, 'Bifidus Youghurt': 1}	9	3	1.2244897959183674
59	amasi_mother_exposure_howoften	{1.0: 2, 3.0: 1}	3	242	98.77551020408163
60	amasi_mother_exposure_which	{'Reuteri': 1, 'Probiflora': 1, '???': 1}	4	242	98.77551020408163
61	amasi_mother_exposure_regularity	{'1': 128, '0': 77, '???': 10}	4	30	12.244897959183673
62	delivery_mode	{1.0: 145, 2.0: 70}	3	30	12.244897959183673
63	PID_1	{'40010031': 2, 'CA-001-LS': 1, 'CO-102-LP': 1, 'CO-040-ST': 1, 'CO-041-LC': 1, 'CO-042-LN': 1, 'CO-043-ZS': 1, 'CO-044-KM': 1, 'CO-045-AM': 1, 'CO-046-KL': 1, 'CO-047-LV': 1, 'CO-048-IB': 1, 'CO-049-LJ': 1, 'CO-050-AH': 1, 'CO-101-AN': 1, 'CO-103-MM': 1, 'CO-038-AG': 1, 'CO-104-IV': 1, 'CO-105-IV': 1, 'CO-106-AB': 1, 'CO-108-OG': 1, 'CO-109-AG': 1, 'CO-110-SW': 1, 'CO-111-AM': 1, 'CO-112-SN': 1, 'CO-113-MM': 1, 'CO-114-IG': 1, 'CO-115-SG': 1, 'CO-116-MR': 1, 'CO-117-AG': 1, 'CO-039-KG': 1, 'CO-037-LM': 1, 'CO-119-MG': 1, 'CO-022-EN': 1, 'CO-009-ZN': 1, 'CO-010-OB': 1, 'CO-011-SF': 1, 'CO-012-ON': 1, 'CO-013-AY': 1, 'CO-014-TN': 1, 'CO-015-OJ': 1, 'CO-016-CB': 1, 'CO-018/HP': 1, 'CO-019/KW': 1, 'CO-020/LM': 1, 'CO-021/LM': 1, 'CO-023-AN': 1, 'CO-036-UM': 1, 'CO-024-KM': 1, 'CO-025-TM': 1, 'CO-026-LT': 1, 'CO-027-IF': 1, 'CO-028-UV': 1, 'CO-029-YL': 1, 'CO-030-AL': 1, 'CO-031-LM': 1, 'CO-032-AR': 1, 'CO-033-LN': 1, 'CO-034-AS': 1, 'CO-035-SM': 1, 'CO-118-MG': 1, 'CO-120-MM': 1, 'CA-002-YF': 1, 'CO-121-MM': 1, 'CO-152-AF': 1, 'CO-153-YM': 1, '40010016': 1, '40010021': 1, '40010022': 1, '40000021': 1, '40010028': 1, '40010029': 1, '40010030': 1, '40010034': 1, '40010036': 1, '40010037': 1, '40010039': 1, '40010041': 1, '40010043': 1, '40010044': 1, '40010046': 1, '40010050': 1, '40010048': 1, '40010049': 1, '40010051': 1, '40010053': 1, '40010055': 1, '40010056': 1, '40010052': 1, '40010057': 1, '40010054': 1, 'CO-151-AN': 1, 'CO-150-LN': 1, 'CO-149-LM': 1, 'CO-134-KK': 1, 'CO-122-IS': 1, 'CO-123-LZ': 1, 'CO-124-UM': 1, 'CO-125-MM': 1, 'CO-126-ID': 1, 'CO-127-MB': 1, 'CO-128-IV': 1, 'CO-129-IS': 1, 'CO-130-MM': 1, 'CO-131-AM': 1, 'CO-132-IM': 1, 'CO-133-KT': 1, 'CO-135-LT': 1, 'CO-148-IM': 1, 'CO-136-SM': 1, 'CO-137-AM': 1, 'CO-138-AT': 1, 'CO-139-MP': 1, 'CO-140-IM': 1, 'CO-141-IG': 1, 'CO-142-LP': 1, 'CO-143-AN': 1, 'CO-144-LM': 1, 'CO-145-HN': 1, 'CO-146-LK': 1, 'CO-147-SV': 1, 'CO-008-AF': 1, 'CO-007-IS': 1, 'CO-006-LM': 1, 'CA-105-LX': 1, 'CA-033-UD': 1, 'CA-034-LS': 1, 'CA-035-AR': 1, 'CA-036-TK': 1, 'CA-037-HM': 1, 'CA-038-LM': 1, 'CA-039-EM': 1, 'CA-040-ZK': 1, 'CA-041-AS': 1, 'CA-042-AM': 1, 'CA-043-SS': 1, 'CA-044-LM': 1, 'CA-045-HN': 1, 'CA-046-MT': 1, 'CA-047-MD': 1, 'CA-048-LN': 1, 'CA-049-MM': 1, 'CA-050-LN': 1, 'CA-051-AM': 1, 'CA-052-LM': 1, 'CA-053-NN': 1, 'CA-054-RN': 1, 'CA-055-LN': 1, 'CA-056-DH': 1, 'CA-101-ID': 1, 'CA-102-IR': 1, 'CA-103-BT': 1, 'CA-032-LN': 1, 'CA-031-AN': 1, 'CA-030-LM': 1, 'CA-015-AM': 1, 'CA-003-US': 1, 'CA-004-NK': 1, 'CA-005-BD': 1, 'CA-006-ON': 1, 'CA-007-NK': 1, 'CA-008-HN': 1, 'CA-009-ST': 1, 'CA-010-EB': 1, 'CA-011-LQ': 1, 'CA-012-LM': 1, 'CA-013-NN': 1, 'CA-014-LB': 1, 'CA-016-YT': 1, 'CA-029-TD': 1, 'CA-017-OM': 1, 'CA-018-AS': 1, 'CA-019-EC': 1, 'CA-020-AZ': 1, 'CA-021-IM': 1, 'CA-022-MS': 1, 'CA-023-EJ': 1, 'CA-024-ZM': 1, 'CA-025-AC': 1, 'CA-026-KM': 1, 'CA-027-IM': 1, 'CA-028-PN': 1, 'CA-104-SB': 1, 'CA-106-NM': 1, 'CO-005-SN': 1, 'CA-107-BM': 1, 'CA-138-SM': 1, 'CA-139-OS': 1, 'CA-140-EM': 1, 'CA-141-TC': 1, 'CA-142-AM': 1, 'CA-143-ST': 1, 'CA-144-HN': 1, 'CA-145-LM': 1, 'CA-146-SM': 1, 'CA-147-LJ': 1, 'CA-148-AL': 1, 'CA-149-LM': 1, 'CA-150-ZS': 1, 'CA-151-QR': 1, 'CA-152-HN': 1, 'CA-153-MN': 1, 'CA-154-OS': 1, 'CA-155-LS': 1, 'CA-156-MV': 1, 'CA-158-LC': 1, 'CA-159-AS': 1, 'CA-160-LB': 1, 'CA-161-OM': 1, 'CO-001-SM': 1, 'CO-002-MP': 1, 'CO-003-LT': 1, 'CO-004-LN': 1, 'CA-137-TM': 1, 'CA-136-OM': 1, 'CA-135-NS': 1, 'CA-120-ST': 1, 'CA-108-EJ': 1, 'CA-109-BJ': 1, 'CA-110-LN': 1, 'CA-111-IN': 1, 'CA-112-AM': 1, 'CA-113-MN': 1, 'CA-114-QT': 1, 'CA-115-OM': 1, 'CA-116-AN': 1, 'CA-117-SM': 1, 'CA-118-AS': 1, 'CA-119-AM': 1, 'CA-121-BT': 1, 'CA-134-IT': 1, 'CA-122-UK': 1, 'CA-123-PG': 1, 'CA-124-AB': 1, 'CA-125-IM': 1, 'CA-126-KB': 1, 'CA-127-OM': 1, 'CA-128-SN': 1, 'CA-129-AJ': 1, 'CA-130-SN': 1, 'CA-131-PM': 1, 'CA-132-LD': 1, 'CA-133-LT': 1, '40010058': 1}	244	0	0.0
64	sunlight_exp_winter	{'1': 46, '2': 26, '3': 22, '4': 20, '0.5': 18, '0': 14, '5': 11, '0.4': 9, '8': 7, '0.3': 7, '6': 6, '9': 5, '2.1': 4, '???': 4, '0.7': 4, '1.4': 4, '0.9': 3, '0.1': 3, '7': 3, '0.6': 2, '2.9': 2, '1.9': 2, '0.2': 2, '1.5': 1, '3.2': 1, '2.6': 1, '1.6': 1, '0.15': 1, '0.35': 1, '10': 1, '11': 1, '1.7': 1, '1.1': 1, '3.4': 1, '0.85': 1, '0.42': 1, '0.78': 1, '0.75': 1, '0.14': 1, '0.64': 1, '2.5': 1}	42	3	1.2244897959183674
65	sunlight_exp_summer	{'3': 26, '5': 21, '8': 17, '2': 16, '1': 14, '6': 14, '4': 11, '0': 8, '7': 8, '0.5': 7, '10': 7, '2.1': 6, '1.9': 5, '11': 4, '9': 4, '3.3': 4, '1.6': 4, '2.3': 4, '3.9': 3, '1.1': 3, '12': 3, '???': 3, '4.4': 2, '1.5': 2, '0.6': 2, '2.5': 2, '3.5': 2, '2.4': 2, '0.9': 2, '0.7': 2, '0.8': 2, '0.85': 2, '1.7': 2, '1.4': 2, '3.57': 2, '3.8': 1, '1.2': 1, '1.28': 1, '3.7': 1, '2.6': 1, '2.2': 1, '0.1': 1, '3.4': 1, '1.3': 1, '0.78': 1, '0.35': 1, '4.3': 1, '3.2': 1, '2.9': 1, '0.15': 1, '0.64': 1, '1.57': 1, '0.3': 1, '0.4': 1, '0.92': 1, '3.1': 1, '5.14': 1, '5.9': 1, '2.7': 1, '4.6': 1}	61	2	0.8163265306122449
66	peanuts_mother_exposure_regularity	{'1': 132, '0': 106, '???': 4, 'no': 1}	5	2	0.8163265306122449
67	peanuts_mother_exposure_avoidance	{'0': 209, '1': 28, '???': 5, 'no': 1}	5	2	0.8163265306122449
68	breastfeeding_ever	{'1': 178, '0': 38, '???': 1}	4	28	11.428571428571429
69	breastfeeding_uptoage_age_complete	{'6': 51, '0': 45, '2': 28, '3': 21, '4': 21, '1': 15, '0.5': 8, '5': 7, '0.25': 6, '0.75': 3, '???': 2, '8': 2, '10': 1, '0.15': 1, '0.3': 1, '0.33': 1, '1.5': 1, '9': 1, '7': 1}	20	29	11.83673469387755
70	breastfeeding_uptoage_age_stop	{'0': 37, '6': 23, '12': 18, '2': 16, '3': 12, '4': 11, '1': 11, '18': 7, '0.5': 7, '5': 7, '24': 6, '11': 6, '8': 5, '14': 5, '13': 4, '0.25': 4, '20': 3, '7': 3, '21': 3, '9': 3, '17': 3, '10': 2, '23': 2, '16': 2, '26': 2, '???': 2, '15': 1, '0.33': 1, '32': 1, '1.5': 1, '29': 1, '25': 1, '0.15': 1, '28': 1, '0.75': 1, '27': 1, '0.3': 1, '22': 1}	39	29	11.83673469387755
71	formula_age_introduction	{'0': 57, '6': 48, '2': 26, '3': 20, '4': 20, '1': 15, '5': 6, '8': 4, '7': 4, '0.5': 3, '0.75': 3, '???': 3, '11': 2, '0.25': 2, '10': 1, '0.15': 1, '9': 1, '19': 1}	19	28	11.428571428571429
72	solidfood_age_introduction	{'6': 82, '4': 35, '3': 29, '5': 25, '7': 17, '1': 8, '8': 6, '2': 6, '9': 4, '11': 2, '20': 1, '???': 1, '12': 1}	14	28	11.428571428571429
73	solidfood_which_first	{}	1	245	100.0
74	unpasteurizedmilk_exposure	{0.0: 237, 1.0: 6}	3	2	0.8163265306122449
75	peanuts_exposure	{1.0: 136, 0.0: 107}	3	2	0.8163265306122449
76	peanuts_exposure_age_first	{'12': 38, '0': 23, '24': 21, '18': 11, '7': 9, '6': 8, '9': 8, '8': 8, '10': 4, '14': 4, '13': 3, '22': 3, '17': 2, '11': 2, '5': 2, '15': 2, '19': 2, '4': 1, '33': 1, '16': 1, '???': 1, '36': 1, '29': 1, '20': 1, '30': 1, '23': 1}	27	86	35.10204081632653
77	peanuts_exposure_regularity	{1.0: 108, 0.0: 52}	3	85	34.69387755102041
78	othernuts_exposure	{0.0: 179, 1.0: 64}	3	2	0.8163265306122449
79	othernuts_exposure_age_first	{12.0: 19, 0.0: 13, 24.0: 8, 9.0: 5, 18.0: 5, 8.0: 4, 11.0: 4, 6.0: 4, 10.0: 3, 7.0: 2, 19.0: 2, 14.0: 2, 17.0: 1, 22.0: 1, 16.0: 1, 23.0: 1, 30.0: 1, 3.0: 1, 999.0: 1}	20	167	68.16326530612245
80	othernuts_exposure_regularity	{1.0: 53, 0.0: 25}	3	167	68.16326530612245
81	dairyproducts_exposure	{1.0: 235, 0.0: 8}	3	2	0.8163265306122449
82	dairyproducts_exposure_age_first	{6.0: 68, 12.0: 29, 8.0: 26, 9.0: 24, 7.0: 24, 4.0: 16, 5.0: 11, 10.0: 10, 3.0: 9, 11.0: 8, 0.0: 4, 13.0: 3, 24.0: 3, 18.0: 3, 1.0: 2, 29.0: 1}	17	4	1.6326530612244898
83	dairyproducts_exposure_regularity	{1.0: 230, 0.0: 11}	3	4	1.6326530612244898
84	cowmilkformula_exposure	{1.0: 227, 0.0: 16}	3	2	0.8163265306122449
85	cowmilkformula_exposure_age_first	{'0': 57, '6': 41, '2': 30, '3': 23, '4': 20, '1': 18, '5': 7, '0.5': 7, '0.25': 5, '7': 5, '8': 3, '0.75': 3, '11': 3, '9': 2, '10': 1, '0.15': 1, '18': 1, '???': 1, '0.3': 1, '1.5': 1, '12': 1, '19': 1}	23	13	5.3061224489795915
86	cowmilkformula_exposure_regularity	{0.0: 123, 1.0: 109}	3	13	5.3061224489795915
87	soyaproducts_exposure	{1.0: 199, 0.0: 44}	3	2	0.8163265306122449
88	soyaproducts_exposure_age_first	{12.0: 57, 0.0: 23, 6.0: 21, 10.0: 18, 9.0: 17, 8.0: 16, 18.0: 12, 24.0: 10, 11.0: 8, 7.0: 7, 4.0: 6, 14.0: 5, 3.0: 4, 5.0: 4, 17.0: 2, 16.0: 2, 22.0: 2, 20.0: 2, 13.0: 1, 27.0: 1, 19.0: 1, 36.0: 1, 15.0: 1, 23.0: 1}	25	23	9.387755102040817
89	soyaproducts_exposure_regularity	{1.0: 192, 0.0: 30}	3	23	9.387755102040817
90	soyamilk_exposure	{0.0: 222, 1.0: 21}	3	2	0.8163265306122449
91	soyamilk_exposure_age_first	{0.0: 30, 6.0: 7, 11.0: 3, 8.0: 2, 5.0: 1, 12.0: 1, 14.0: 1, 10.0: 1, 3.0: 1, 18.0: 1, 9.0: 1}	12	196	80.0
92	soyamilk_exposure_regularity	{0.0: 41, 1.0: 8}	3	196	80.0
93	henegg_exposure	{1.0: 214, 0.0: 29}	3	2	0.8163265306122449
94	henegg_exposure_age_first	{'12': 59, '7': 21, '9': 21, '8': 18, '6': 16, '10': 15, '24': 12, '18': 11, '11': 8, '14': 6, '5': 5, '4': 4, '16': 3, '13': 3, '15': 2, '0': 2, '21': 2, '20': 1, '22': 1, '???': 1, '3': 1, '23': 1, '19': 1, '26': 1}	25	30	12.244897959183673
95	henegg_exposure_regularity	{1.0: 174, 0.0: 42}	3	29	11.83673469387755
96	wheat_exposure	{1.0: 236, 0.0: 7}	3	2	0.8163265306122449
97	wheat_exposure_age_first	{12.0: 52, 6.0: 42, 8.0: 22, 7.0: 20, 9.0: 15, 11.0: 15, 5.0: 14, 18.0: 8, 10.0: 8, 4.0: 7, 24.0: 7, 13.0: 5, 1.0: 5, 17.0: 4, 3.0: 3, 14.0: 2, 19.0: 2, 27.0: 1, 15.0: 1, 2.0: 1, 23.0: 1, 6.5: 1}	23	9	3.673469387755102
98	wheat_exposure_regularity	{1.0: 222, 0.0: 14}	3	9	3.673469387755102
99	fish_exposure	{1.0: 179, 0.0: 64}	3	2	0.8163265306122449
100	fish_exposure_age_first	{12.0: 65, 24.0: 17, 18.0: 14, 8.0: 11, 7.0: 10, 9.0: 9, 10.0: 8, 11.0: 8, 6.0: 8, 13.0: 7, 0.0: 6, 15.0: 4, 14.0: 3, 17.0: 3, 22.0: 2, 16.0: 2, 20.0: 2, 28.0: 2, 1.0: 1, 19.0: 1, 30.0: 1, 3.0: 1, 4.0: 1}	24	59	24.081632653061224
101	fish_exposure_regularity	{1.0: 173, 0.0: 14}	3	58	23.6734693877551
102	foodreaction_peanuts_ever	{0.0: 211, 1.0: 4}	3	30	12.244897959183673
103	foodreaction_peanuts_which	{2.0: 2, 3.0: 1, 13.0: 1}	4	241	98.36734693877551
104	foodreaction_peanuts_age	{33.0: 1, 14.0: 1, 8.0: 1, 4.0: 1}	5	241	98.36734693877551
105	foodreaction_peanuts_when	{1.0: 2, 2.0: 2}	3	241	98.36734693877551
106	foodreaction_peanuts_confirmed	{0.0: 3, 1.0: 1}	3	241	98.36734693877551
107	foodreaction_othernuts_ever	{0.0: 213, 1.0: 2}	3	30	12.244897959183673
108	foodreaction_othernuts_which	{'2;13': 1, '13': 1}	3	243	99.18367346938776
109	foodreaction_othernuts_age	{32.0: 1, 4.0: 1}	3	243	99.18367346938776
110	foodreaction_othernuts_when	{1.0: 1, 2.0: 1}	3	243	99.18367346938776
111	foodreaction_othernuts_confirmed	{0.0: 1, 1.0: 1}	3	243	99.18367346938776
112	foodreaction_diaryproducts_ever	{0.0: 208, 1.0: 6}	3	31	12.653061224489797
113	foodreaction_diaryproducts_which	{'2;13': 2, '13': 2, '2': 1, '9': 1}	5	239	97.55102040816327
114	foodreaction_diaryproducts_age	{6.0: 3, 15.0: 1, 24.0: 1, 0.15: 1}	5	239	97.55102040816327
115	foodreaction_diaryproducts_when	{1.0: 4, 2.0: 2}	3	239	97.55102040816327
116	foodreaction_diaryproducts_confirmed	{0.0: 5, 1.0: 1}	3	239	97.55102040816327
117	foodreaction_soya_ever	{0.0: 213, 1.0: 2}	3	30	12.244897959183673
118	foodreaction_soya_which	{'2;8;13': 1, '9': 1}	3	243	99.18367346938776
119	foodreaction_soya_age	{8.0: 1, 18.0: 1}	3	243	99.18367346938776
120	foodreaction_soya_when	{1.0: 1, 2.0: 1}	3	243	99.18367346938776
121	foodreaction_soya_confirmed	{0.0: 2}	2	243	99.18367346938776
122	foodreaction_henegg_ever	{'0': 201, '1': 13, 'no': 1}	4	30	12.244897959183673
123	foodreaction_henegg_which	{'8': 8, '2;8;10': 1, '3': 1, '8;12': 1, '2;13': 1, '9': 1}	7	232	94.6938775510204
124	foodreaction_henegg_age	{6.0: 4, 5.0: 3, 18.0: 1, 12.0: 1, 15.0: 1, 9.0: 1, 7.0: 1, 11.0: 1}	9	232	94.6938775510204
125	foodreaction_henegg_when	{1.0: 12, 2.0: 1}	3	232	94.6938775510204
126	foodreaction_henegg_confirmed	{0.0: 13}	2	232	94.6938775510204
127	foodreaction_wheat_ever	{0.0: 211, 1.0: 4}	3	30	12.244897959183673
128	foodreaction_wheat_which	{'8': 2, '8;9': 1, '13': 1}	4	241	98.36734693877551
129	foodreaction_wheat_age	{5.0: 1, 11.0: 1, 12.0: 1, 24.0: 1}	5	241	98.36734693877551
130	foodreaction_wheat_when	{1.0: 2, 2.0: 2}	3	241	98.36734693877551
131	foodreaction_wheat_confirmed	{1.0: 2, 0.0: 2}	3	241	98.36734693877551
132	foodreaction_fish_ever	{0.0: 208, 1.0: 6}	3	31	12.653061224489797
133	foodreaction_fish_which	{'2': 2, '9': 2, '13': 1, '2;13': 1}	5	239	97.55102040816327
134	foodreaction_fish_age	{7.0: 1, 18.0: 1, 12.0: 1, 17.0: 1, 24.0: 1, 14.0: 1}	7	239	97.55102040816327
135	foodreaction_fish_when	{2.0: 5, 1.0: 1}	3	239	97.55102040816327
136	foodreaction_fish_confirmed	{0.0: 4, 1.0: 2}	3	239	97.55102040816327
137	asthma_ever	{0.0: 215, 1.0: 2}	3	28	11.428571428571429
138	asthma_age	{8.0: 1, 12.0: 1}	3	243	99.18367346938776
139	asthma_whodiagnosed	{3.0: 1, 1.0: 1}	3	243	99.18367346938776
140	hayfever_ever	{0.0: 193, 1.0: 24}	3	28	11.428571428571429
141	hayfever_age	{'12': 8, '6': 3, '???': 2, '8': 2, '18': 2, '24': 2, '13': 1, '20': 1, '34': 1, '9': 1, '2': 1}	12	221	90.20408163265306
142	hayfever_whodiagnosed	{1.0: 20, 3.0: 4}	3	221	90.20408163265306
143	eczema_ever	{1.0: 120, 0.0: 97}	3	28	11.428571428571429
144	eczema_age	{3.0: 26, 6.0: 24, 1.0: 14, 12.0: 9, 4.0: 9, 5.0: 8, 8.0: 6, 7.0: 5, 9.0: 4, 0.0: 3, 24.0: 3, 11.0: 2, 18.0: 2, 2.0: 2, 13.0: 1, 17.0: 1, 0.5: 1}	18	125	51.02040816326531
145	eczema_whodiagnosed	{3.0: 113, 2.0: 4, 1.0: 3}	4	125	51.02040816326531
146	medication_any	{0.0: 213, 1.0: 2}	3	30	12.244897959183673
147	medication_relievers	{0.0: 215}	2	30	12.244897959183673
148	medication_controllers	{0.0: 215}	2	30	12.244897959183673
149	medication_homenebuliser	{0.0: 215}	2	30	12.244897959183673
150	medication_nasalcorticosteroid	{0.0: 209, 1.0: 6}	3	30	12.244897959183673
151	medication_antihistamines	{1.0: 113, 0.0: 102}	3	30	12.244897959183673
152	medication_steroidcreams	{1.0: 111, 0.0: 104}	3	30	12.244897959183673
153	medication_adrenalin	{0.0: 215}	2	30	12.244897959183673
154	medication_oral_which	{}	1	245	100.0
155	medication_antihistamines_which	{'Allergex': 111, 'Cetirizine': 1}	3	133	54.285714285714285
156	medication_antihistamines_last	{2.0: 53, 3.0: 44, 1.0: 16}	4	132	53.87755102040816
157	medication_anyother	{'traditional medicine': 2, 'Panado Multivitamin': 1, 'calpol': 1, 'asthavent, prolust and painmol': 1, 'Panado,Mycostatin': 1, 'cough syrup': 1}	7	238	97.14285714285714
158	familyhistory_mother	{'1': 176, '3': 12, '2': 12, '4': 9, '5': 4, '3;4': 1}	7	31	12.653061224489797
159	familyhistory_father	{'1': 185, '3': 10, '4': 5, '2': 5, '5': 2, '3;5': 1, '2;3': 1, '???': 1}	9	35	14.285714285714286
160	familyhistory_sibling1	{'1': 79, '4': 5, '2': 2, '3': 2, '4;5': 1, '2;5': 1}	7	155	63.265306122448976
161	familyhistory_sibling2	{1.0: 31, 3.0: 1, 2.0: 1}	4	212	86.53061224489795
162	familyhistory_sibling3	{1.0: 3, 2.0: 1}	3	241	98.36734693877551
163	familyhistory_sibling4	{1.0: 1}	2	244	99.59183673469387
164	medicalhistory_comorbidities	{0.0: 237, 1.0: 6}	3	2	0.8163265306122449
165	medicalhistory_comorbidities_which	{'0': 25, 'Epilepsy': 1, 'Autism': 1, 'Rhinitis': 1, 'Hodenhochstand': 1, '???deformation': 1}	7	215	87.75510204081633
166	homelanguage	{'1': 213, '1;2;4': 1, '1;4': 1}	4	30	12.244897959183673
167	homelanguage_Xhosa_borninCapeTown	{0.0: 116, 1.0: 99}	3	30	12.244897959183673
168	homelanguage_Xhosa_born_province	{2.0: 104, 5.0: 6, 6.0: 2, 1.0: 1, 4.0: 1, 9.0: 1, 7.0: 1, 3.0: 1}	9	128	52.244897959183675
169	homelanguage_Xhosa_born_town	{'Umthatha': 31, 'MQANDULI': 24, 'ZITHULELE': 14, 'Tsolo': 4, 'NGCWANGUBA': 4, 'Johannesburg': 3, 'Mthatha': 3, 'UMTHATHA': 3, 'NGQELENI': 2, 'Durban': 2, 'Matatiela': 1, 'MAPUZI': 1, 'BHONGA': 1, 'East London': 1, 'Lusikisiki': 1, 'EAST LONDON': 1, 'Ntabankulu': 1, 'Monatete': 1, 'Ngcobo': 1, 'Libode': 1, 'George': 1, 'Hermanus': 1, 'Lleksdorp': 1, 'Pretoria': 1, 'All Saints': 1, 'Sekhunda': 1, 'Rusternburg': 1, 'Qweqwe': 1, 'Mbode': 1, 'Dutywa': 1, 'Canzibe': 1, 'Pimville': 1, 'Mqanduli': 1, 'Monasela': 1, 'Bloemfontein': 1, 'Mhlakulo': 1}	37	129	52.6530612244898
170	homelanguage_Xhosa_movetoCapeTown	{2014.0: 4, 2015.0: 1}	3	240	97.95918367346938
171	homelanguage_mother_borninCapeTown	{0.0: 165, 1.0: 50}	3	30	12.244897959183673
172	homelanguage_mother_born_province	{2.0: 150, 5.0: 5, 6.0: 4, 1.0: 3, 4.0: 2, 9.0: 2, 3.0: 1}	8	78	31.836734693877553
173	homelanguage_mother_born_town	{'MQANDULI': 25, 'Mthatha': 17, 'Umtata': 9, 'ZITHULELE': 8, 'Butterworth': 5, 'Mqanduli': 4, 'Libode': 4, 'NGQELENI': 4, 'Umthatha': 4, 'Queenstown': 3, 'Lady Frere': 3, 'East London': 3, 'Tsolo': 2, 'QHOGI': 2, 'Cofimvaba': 2, 'Johannesburg': 2, 'Willowvale': 2, 'UMTHATHA': 2, 'King Williams Town': 2, 'Bloemfontein': 2, 'GQUBENI': 2, 'Tsomo': 2, 'Mt Fletcher': 1, 'BUTTERWORTH': 1, 'Ashton': 1, 'Mount Fletcher': 1, 'MATATIELE': 1, 'Ntabankulu': 1, 'Genesal (Umthata)': 1, 'Clemond': 1, 'Matatiela': 1, 'Sandiulibe': 1, 'ELLIOTDALE': 1, 'Alice': 1, 'Mthata': 1, 'Port Elizabeth': 1, 'Ugie': 1, 'Mzimkhulu': 1, 'MAPUZI': 1, 'Coffee Bay': 1, 'SIZINDINI': 1, 'MNANGWENI': 1, 'MBOLENI': 1, 'Mabheyana': 1, 'NGCWANGUBA': 1, 'Mount Aliff': 1, 'Kokstad': 1, 'Mt Frore': 1, 'Mhlakulo': 1, 'PE': 1, 'Middledrift': 1, 'Centani': 1, 'Nqamakwa': 1, 'Stutterheim': 1, 'Joburg': 1, 'Worcester': 1, 'Knysna': 1, 'Queens Town': 1, 'Nglobo': 1, 'Engcobo': 1, 'Mtata': 1, 'Petermaritzberg': 1, 'Warington': 1, 'Port St Johns': 1, 'Mqanoluli': 1, 'Gatyani': 1, 'Mqanouli': 1, 'Bara': 1, 'Qhokamba': 1, 'Bizona': 1, 'Klerksdorp': 1, 'Mbobe': 1, 'Nqelew': 1, 'Qweqwe': 1, 'Ngqeleni': 1, 'All Saints': 1, 'Rustenburg': 1}	78	81	33.06122448979592
174	homelanguage_mother_movetoCapeTown_year	{'2010': 6, '2000': 6, '2012': 4, '2009': 4, '1996': 3, '1993': 3, '1998': 3, '2005': 2, '1995': 2, '???': 2, '2014': 2, '2013': 2, '2004': 1, '1987': 1, '2007': 1, '1988': 1, '1994': 1, '2015': 1, '2006': 1, '1997': 1, '1983': 1, '2002': 1, '1986': 1, '1999': 1, '2011': 1}	26	193	78.77551020408163
175	homelanguage_mother_movetoCapeTown_month	{'1': 10, 'Jan': 6, 'Dec': 5, 'June': 4, '6': 4, 'April': 3, '4': 3, 'Feb': 2, '???': 2, '12': 2, '10': 1, '7': 1, 'Sep': 1, 'Aug': 1, 'January': 1, 'Apr': 1, 'Nov': 1, '99': 1}	19	196	80.0
176	homelanguage_father_borninCapeTown	{'0': 181, '1': 28, '???': 4}	4	32	13.061224489795919
177	homelanguage_father_born_province	{2.0: 174, 6.0: 5, 10.0: 4, 5.0: 2, 4.0: 1, 9.0: 1}	7	58	23.6734693877551
178	homelanguage_father_born_town	{'MQANDULI': 31, 'Mthatha': 17, 'Umtata': 7, 'Tsolo': 5, 'Zithulele': 5, '???': 4, 'Butterworth': 4, 'Umthatha': 3, 'Dutywa': 3, 'Ngqeleni': 3, 'Lady Frere': 3, 'Cala': 3, 'Harding': 2, 'Qumbu': 2, 'Libode': 2, 'Izidindi': 2, 'Nglobo': 2, 'Bizana': 2, 'Alice': 2, 'Coffee Bay': 1, 'Khotyana': 1, 'Matatiela': 1, 'Maritzburg': 1, 'Lusikisiki': 1, 'Gqubeni': 1, 'Germiston': 1, 'UMTHATHA': 1, 'Rusternburg': 1, 'Xhora': 1, 'Ntabankulu': 1, 'Goso': 1, 'Adelaide': 1, '?': 1, 'Queens Town': 1, 'East London': 1, 'Mboleni': 1, 'Harare': 1, 'Mabheyana': 1, 'Swaziland': 1, 'Cofimvaba': 1, 'Mount Frere': 1, 'Umtarta': 1, 'Gonjini': 1, 'NGCWASA': 1, 'XONYENI': 1, 'Mount Aliff': 1, 'Angola': 1, 'Sibangweni': 1, 'All Saints': 1, 'Dodrecht': 1, 'Middledrift': 1, 'Willowvale': 1, 'eNgcobo': 1, 'Centani': 1, 'Joburg': 1, 'Port St John': 1, 'Transkei': 1, 'sterkspruit': 1, 'Grahamstown': 1, 'Sasolberg': 1, 'Egcuwa': 1, 'Zimbabwe (buawougo)': 1, 'Elliot': 1, 'Qougce': 1, 'Qoboqobo': 1, 'Queenstown': 1, 'Nquthu': 1, 'Ngcobo': 1, 'Mt Fletches': 1, 'Mqanoluli': 1, 'Eastern Cape': 1, 'Nqeleni': 1, 'Ntsimbini': 1, 'Bizona': 1, 'King Williamstown': 1, 'Takastad': 1, 'Mqanduli': 1, 'Aliwal North': 1, 'NGQELENI': 1}	80	83	33.87755102040816
179	homelanguage_father_movetoCapeTown	{'???': 21, '2010': 4, 'never': 3, '2006': 3, '1990': 3, '2007': 2, '2011': 2, '1996': 2, '2003': 2, '2008': 2, '1999': 2, '2000': 2, '1998': 1, '2009': 1, '2002': 1, '1982': 1, '2005': 1, '2001': 1, '1980': 1, '1994': 1, '2004': 1, '1995': 1}	23	187	76.3265306122449
180	ethnicity	{3.0: 215}	2	30	12.244897959183673
181	household_peoplelivingtogether	{4.0: 49, 5.0: 38, 3.0: 27, 7.0: 27, 6.0: 23, 8.0: 18, 9.0: 10, 11.0: 5, 2.0: 5, 10.0: 5, 12.0: 2, 15.0: 2, 14.0: 1, 13.0: 1, 18.0: 1, 20.0: 1}	17	30	12.244897959183673
182	household_otherolderchildren	{'1': 79, '0': 69, '2': 40, '3': 10, '4': 9, '5': 5, '???': 1, '7': 1, '8': 1}	10	30	12.244897959183673
183	household_otheryoungerchildren	{0.0: 188, 1.0: 26, 2.0: 1}	4	30	12.244897959183673
184	parental_education_level	{14.0: 65, 16.0: 53, 13.0: 23, 17.0: 19, 12.0: 18, 11.0: 10, 9.0: 7, 15.0: 6, 18.0: 6, 10.0: 4, 8.0: 1, 1.0: 1, 2.0: 1, 5.0: 1}	15	30	12.244897959183673
185	parental_job_woman	{'unemployed': 59, 'Unemployed': 34, 'Cashier': 9, 'student': 8, 'Student': 5, 'Housewife': 4, 'Cleaner': 4, 'Educator': 3, 'Nurse': 3, 'cleaner': 3, 'call centre agent': 2, 'domestic worker': 2, 'Waitress': 2, 'Domestic Worker': 2, 'CLEANER': 1, 'DOMESTIC WORKER': 1, 'tuckshop': 1, 'creche principal': 1, 'finance officer': 1, 'HR ADMINSTRATOR': 1, 'carer': 1, 'Jet slaes assistant': 1, 'General worker restuarant': 1, 'Call centre agent': 1, 'Store clerk': 1, 'Contractor': 1, 'Butchery Assistant': 1, 'security': 1, 'Admin clerk SAPS': 1, 'IT Data Exporting': 1, 'Debt collector': 1, 'SA Navy admin clerk': 1, 'Domestic work': 1, 'Distribution planner': 1, 'Registered nurse': 1, 'Tuckshop owner': 1, 'assistant chef southern sun': 1, 'TEACHER': 1, 'LAY COUNSELLOR': 1, 'PATIENT ADVOCATE': 1, 'CLEANER AT BACKPACKER': 1, 'traditional healer': 1, 'Pensioner': 1, 'Plumber': 1, 'Machinist': 1, 'Self-employed': 1, 'House wife': 1, 'Restaurant kitchen assistant': 1, 'Information Programmer': 1, 'Baker': 1, 'Administrator': 1, 'Domestic worker': 1, 'Cook': 1, 'Sales Rep': 1, 'Acc. Proj. Manager': 1, 'Beauty Advisor': 1, 'Sales Assistant': 1, 'Chef - restaurant': 1, 'Creche assistant': 1, 'Hair Dresser': 1, 'Transnet Portworker': 1, 'Call Centre Agent': 1, 'Assistant Teacher': 1, 'Gran Nurse': 1, 'Clerk': 1, 'Banking consultant': 1, 'Construction Worker': 1, 'Buthery Owner': 1, 'Clerk-Municipality': 1, 'Office Mananger': 1, 'Abet Teacher': 1, 'Teller': 1, 'General worker': 1, 'WAITRESS': 1}	75	45	18.367346938775512
186	parental_job_man	{'unemployed': 40, '???': 19, 'Unemployed': 11, 'student': 4, 'Educator': 4, 'MINE WORKER': 4, 'Mine Worker': 3, 'Security Guard': 3, 'Construction worker': 3, 'Cleaner': 3, 'Mine worker': 3, 'Deceased': 2, 'Taxi Owner': 2, 'Nursing': 2, 'Electrician': 2, 'Security guard': 2, 'Taxi Driver': 2, 'Security': 2, 'Student': 2, 'General Worker': 2, 'GENERAL WORKER': 2, 'DRIVER': 2, 'Plumber': 2, 'TAXI DRIVER': 2, 'Engineer': 2, 'Builder': 2, 'printing shop': 1, 'WINDOW CLEANER': 1, 'SECURITY GUARD': 1, 'CLEANER AT INDUSTRIAL COMPANY': 1, 'electrician': 1, 'carpenter': 1, 'OPERA SINGER': 1, 'mechanical engineer': 1, 'Sausage maker': 1, 'boiler maker': 1, 'Warehouse assistant': 1, 'stock clerk': 1, 'DRIVER ROAD WORKS': 1, 'CLEANER AT BACKPACKER': 1, 'EDUCATOR': 1, 'NURSE': 1, 'BUTCHERY WORKER': 1, 'FARM WORKER': 1, 'genral worker': 1, 'Security- Game': 1, 'Driver': 1, 'Refrigeration operator': 1, 'Project Manager': 1, 'taxi owner': 1, 'Truck driver': 1, 'tax administrator': 1, 'call centre agent': 1, 'machanic': 1, 'SAB Technician': 1, 'housekeeping hotel': 1, 'councillor': 1, 'Driver @hospital': 1, 'driver': 1, 'Cashier': 1, 'Self Employed': 1, 'Film/Photography - Not the same household': 1, 'Works for NGO': 1, 'Packer': 1, 'Teacher': 1, 'Shop assistant': 1, 'Cab control officer': 1, 'Machine Operator': 1, 'Postman': 1, 'Marine shorehand': 1, 'Security officer': 1, 'Stock manager': 1, 'Accountant': 1, 'Fireman': 1, 'Traditional Leader': 1, 'Prison Warden': 1, 'Water Affairs': 1, 'operations manager': 1, 'Deliveries': 1, 'Petrol attendant': 1, 'Traffic Officer': 1, 'Mine': 1, 'Manager': 1, 'Soldier': 1, 'Business-Shop': 1, 'Bus Driver': 1, 'Rap at Avbob': 1, 'Admin Manager': 1, 'Pensioner (Grandad)': 1, 'Sales Consultant': 1, 'Policeman': 1, 'Tiler': 1, 'Delivery Truck Driver': 1, 'Quantity Surveyor': 1, 'ELECTRICIAN': 1}	96	49	20.0
187	parental_income	{'3000': 13, '990': 9, '10000': 9, '1500': 8, '4000': 8, '???': 8, '5000': 7, '2000': 7, '20000': 6, '9000': 5, '6000': 5, '15000': 4, '16000': 4, '1200': 4, '330': 4, '3500': 4, '2800': 3, '2500': 3, '1300': 3, '11000': 3, '660': 3, '1600': 3, '7000': 3, '8000': 3, '4500': 2, '2660': 2, '1700': 2, '2390': 2, '1990': 2, '2300': 2, '23000': 2, '12000': 2, '2150': 2, '22000': 2, '2400': 2, '5500': 2, '29000': 2, '2900': 2, '850': 1, '10500': 1, '999': 1, '700': 1, '1360': 1, '9300': 1, '8600': 1, '10700': 1, '13300': 1, '600': 1, '2340': 1, '3990': 1, '390': 1, '1900': 1, '9500': 1, '1730': 1, '1400': 1, '3400': 1, '1030': 1, '1100': 1, '2830': 1, '500': 1, '1000': 1, '2110': 1, '40000': 1, '1440': 1, '3160': 1, '300': 1, '21000': 1, '2600': 1, '13000': 1, '20300': 1, '4660': 1, '3550': 1, '24000': 1, '60000': 1, '7500': 1, '12900': 1, '50000': 1, '2760': 1, '3030': 1, '12700': 1, '18000': 1, '3100': 1, '1630': 1, '33000': 1, '1800': 1, '3830': 1, '3150': 1, '2020': 1, '3300': 1, '800': 1, '25000': 1, '3200': 1, '1330': 1}	94	33	13.46938775510204
188	pets_cat	{0.0: 171, 1.0: 44}	3	30	12.244897959183673
189	pets_dog	{0.0: 108, 1.0: 107}	3	30	12.244897959183673
190	farmanimal_contact_child	{'0': 118, '1': 96, '???': 1}	4	30	12.244897959183673
191	farmanimal_contact_mother	{'0': 113, '1': 100, '???': 2}	4	30	12.244897959183673
192	fuel_cooking	{'1': 175, '2;4': 23, '1;4': 13, '4': 12, '2': 7, '1;2': 6, '0': 3, '1;2;4': 1, '1;3;4': 1, '1;3': 1}	11	3	1.2244897959183674
193	fuel_heating	{'3': 140, '1': 37, '4': 31, '5': 13, '2': 10, '1;3': 5, '0': 4, '2;3': 1, '1;2': 1, '3;4': 1}	11	2	0.8163265306122449
194	cigarettesmoke_mother	{0.0: 208, 1.0: 7}	3	30	12.244897959183673
195	cigarettesmoke_mother_howmany	{'4': 3, '3': 2, '???': 1, '5': 1}	5	238	97.14285714285714
196	cigarettesmoke_father	{'0': 163, '1': 46, '???': 3, '3': 1}	5	32	13.061224489795919
197	cigarettesmoke_father_howmany	{'5': 8, '3': 8, '2': 6, '???': 6, '4': 4, '6': 4, '8': 3, '20': 3, '10': 3, '7': 2, '15': 1, '0': 1}	13	196	80.0
198	cigarettesmoke_numberofpersons	{0.0: 150, 1.0: 52, 2.0: 7, 3.0: 2, 4.0: 1}	6	33	13.46938775510204
199	cigarettesmoke_duringpregnancy	{0.0: 208, 1.0: 5}	3	32	13.061224489795919
200	HIV_rapidELISA	{'1': 181, '2': 24, 'No blood': 10, 'Not tested': 1}	5	29	11.83673469387755
201	HIV_testresult	{'negative': 101, 'Not tested': 7, 'No blood': 7, 'negative (one false positive)': 1}	5	129	52.6530612244898
202	am_height	{85.0: 17, 84.0: 16, 80.0: 15, 88.0: 14, 74.0: 13, 77.0: 13, 79.0: 12, 78.0: 10, 87.0: 10, 89.0: 10, 81.0: 9, 83.0: 9, 86.0: 8, 76.0: 7, 82.0: 6, 90.0: 6, 73.0: 5, 98.0: 5, 93.0: 4, 91.0: 4, 96.0: 3, 95.0: 3, 75.0: 3, 94.0: 3, 72.0: 3, 92.0: 2, 70.0: 2, 67.0: 1, 71.0: 1, 68.0: 1, 69.0: 1, 64.0: 1}	33	28	11.428571428571429
203	am_weight	{10.8: 10, 12.0: 7, 10.0: 7, 13.6: 7, 11.2: 7, 11.7: 7, 10.2: 7, 12.9: 6, 12.3: 6, 12.5: 6, 14.1: 6, 12.2: 6, 11.4: 6, 10.5: 5, 12.8: 5, 13.1: 5, 11.9: 4, 10.1: 4, 11.3: 4, 12.7: 4, 13.5: 4, 10.6: 4, 13.7: 4, 12.4: 4, 13.0: 4, 13.9: 3, 9.1: 3, 13.4: 3, 11.6: 3, 15.6: 3, 14.8: 3, 8.5: 3, 9.5: 3, 11.1: 3, 8.8: 2, 16.2: 2, 11.5: 2, 14.0: 2, 11.0: 2, 10.7: 2, 9.3: 2, 11.8: 2, 15.0: 2, 8.9: 2, 14.5: 2, 13.2: 2, 14.7: 1, 14.3: 1, 8.4: 1, 17.7: 1, 13.3: 1, 17.6: 1, 10.9: 1, 17.8: 1, 16.7: 1, 8.2: 1, 16.4: 1, 16.5: 1, 14.6: 1, 15.5: 1, 15.1: 1, 19.2: 1, 9.2: 1, 12.6: 1, 10.3: 1, 21.2: 1, 15.8: 1, 8.7: 1, 16.8: 1, 9.0: 1, 9.4: 1, 9.7: 1, 8.1: 1}	74	28	11.428571428571429
204	am_abd_girth	{'43': 29, '44': 27, '47': 20, '46': 19, '48': 15, '41': 15, '45': 15, '42': 14, '39': 10, '40': 10, '52': 7, '49': 6, '38': 6, '50': 5, '???': 5, '51': 4, '53': 3, '61': 1, '38.5': 1, '54': 1, '57': 1, '55': 1, '59': 1, '40.5': 1}	25	28	11.428571428571429
205	am_skinfold	{'10': 47, '11': 38, '9': 31, '8': 29, '13': 17, '12': 14, '7': 11, '15': 9, '14': 8, '???': 6, '6': 4, '16': 1, '18': 1}	14	29	11.83673469387755
206	pe_ar	{0.0: 215, 1.0: 2}	3	28	11.428571428571429
207	pe_asthma	{0.0: 217}	2	28	11.428571428571429
208	sp_neg_control	{'0': 211, '.': 6}	3	28	11.428571428571429
209	sp_egg_white	{'0': 173, '6.5': 6, '.': 6, '4.5': 5, '9.5': 3, '5.5': 3, '8': 3, '3.5': 3, '4': 3, '5': 2, '3': 2, '6': 2, '2.5': 2, '2': 2, '7': 1, '11.5': 1}	17	28	11.428571428571429
210	sp_cowmilk	{'0': 207, '.': 6, '3.5': 1, '1': 1, '3': 1, '6': 1}	7	28	11.428571428571429
211	sp_soy	{'0': 207, '.': 6, '2': 2, '5.5': 1, '4': 1}	6	28	11.428571428571429
212	sp_wheet	{'0': 205, '.': 6, '2': 2, '1': 1, '8': 1, '5': 1, '4': 1}	8	28	11.428571428571429
213	sp_fish	{'0': 210, '.': 6, '6.5': 1}	4	28	11.428571428571429
214	sp_peanut	{'0': 185, '.': 6, '4.5': 4, '7.5': 4, '8': 3, '6.5': 2, '3': 2, '7': 2, '6': 2, '5.5': 2, '10.5': 1, '13.5': 1, '14': 1, '2': 1, '5': 1}	16	28	11.428571428571429
215	sp_hazelnut	{'0': 205, '.': 6, '2.5': 1, '1': 1, '1.5': 1, '6': 1, '3.5': 1, '3': 1}	9	28	11.428571428571429
216	sp_positive_control	{'4': 36, '5': 32, '5.5': 31, '3': 25, '3.5': 24, '4.5': 22, '6.5': 11, '6': 10, '2.5': 8, '.': 6, '1.5': 3, '7': 2, '7.5': 2, '8': 2, '2': 2, '0': 1}	17	28	11.428571428571429
217	sp_fresh_peanut	{'0': 188, '.': 6, '5.5': 3, '6': 3, '4.5': 3, '7.5': 3, '7': 2, '1': 2, '12.5': 1, '1.5': 1, '11.5': 1, '5': 1, '9': 1, '2': 1}	15	29	11.83673469387755
218	sp_fresh_egg	{'0': 154, '.': 6, '15': 6, '8.5': 5, '14': 5, '7.5': 4, '11': 4, '12': 4, '7': 4, '10': 4, '9.5': 3, '5.5': 3, '11.5': 3, '12.5': 2, '9': 2, '19': 2, '8': 2, '2': 1, '3.5': 1, '6.5': 1, '5': 1}	22	28	11.428571428571429
219	sp_fresh_cowmilk	{'0': 201, '.': 6, '6': 1, '5': 1, '4': 1, '9.5': 1, '7.5': 1, '2.5': 1, '11': 1, '3.5': 1, '6.5': 1, '7': 1}	13	28	11.428571428571429
220	comments	"{'needs egg challenge': 11, 'Egg tolerant': 4, 'Needs egg challenge': 4, 'Erythrodemic entire body SPT C/I': 3, 'Needs egg and peanut challenge': 3, 'needs egg challenge - no reaction to raw egg on OFC': 2, 'Peanut and egg challenge': 2, 'needs egg and peanut challenge': 2, 'Tolerates egg': 2, 'needs peanut challenge': 2, 'Tolerates egg and peanuts': 2, 'No SPT recorded': 2, 'tolerates peanut and egg': 1, 'Needs cows milk challenge': 1, 'OFC positive to raw & cooked hens egg': 1, 'Peanut tolerant': 1, 'tolerates egg, no challenge needed': 1, 'NEEDS EGG CHALLENGE': 1, 'tolerant to egg': 1, 'tolerates egg': 1, 'Peanut challenge': 1, 'Egg and Peanut challenge': 1, 'Needs egg challenge - changed later': 1, 'No challenge needed': 1, 'Tolerant to egg and peanut': 1, 'Needs egg challenge - OFC negative result': 1, 'Tolerant to egg': 1, 'Needs egg challenge - raw egg positive but cooked egg negative OFC': 1, ""Positive egg challenge,poly sensitized fish,peanut, cow's milk,HDM, Grass, Blomia"": 1, 'Sensitised to peanut, but tolerant. Sensitised to egg, does not eat. Egg challenge not done': 1, ""Sensitised to egg, cow's milk, peanut but tolerant"": 1, 'Sensitised to peanut but tolerant, sensitised to egg, no food challenge done': 1, 'Sensitised to egg no challenge done': 1, 'Sensitised to hazelnut, but tolerant. Raw Egg challenge needed': 1, 'Sensitised to egg, raw egg challenge': 1, 'Raw egg challenge needed': 1, 'tolerant to peanut, raw egg challenge': 1, 'Raw egg challenge': 1, 'raw egg challenge': 1, 'sensitised to egg, challenge needed': 1, 'Sensitised to peanut and egg. Positive raw egg challenge': 1, 'Sensitised to Soy, tolerant': 1, 'Erythrodemic entire body SPT C/I, positive raw egg challenge': 1, 'Peanut challenge - no reaction noted': 1, 'Egg challenge': 1, 'Needs peanut & egg challenge': 1}"	47	172	70.20408163265306
221	blood_count_wcc	{'No blood': 14, 'No FBC': 4, '6.63': 2, '10.96': 2, '9.39': 2, '12.09': 2, '18.11': 2, '6.25': 2, '13.96': 2, '10': 2, '10.84': 2, '9.73': 2, '9.86': 2, '9.23': 2, '12.54': 2, '7.89': 2, '7.43': 2, '11.11': 2, '10.08': 1, '13.88': 1, '11.63': 1, '14.16': 1, '8.42': 1, '14.31': 1, '9.25': 1, '6.32': 1, '9.15': 1, '10.98': 1, 'no blood': 1, '5.35': 1, '8.46': 1, '10.71': 1, '8.44': 1, '13.3': 1, '12.87': 1, '11.41': 1, '10.3': 1, '14.83': 1, '17.47': 1, '11.13': 1, '8.49': 1, '9.2': 1, '9': 1, '10.27': 1, '7.71': 1, '10.02': 1, '19.17': 1, '6.34': 1, '9.79': 1, '11.86': 1, '11.99': 1, '13.78': 1, '7.83': 1, '14.48': 1, '14.17': 1, '11.04': 1, '10.69': 1, '8.85': 1, '7.04': 1, '11.76': 1, '13.59': 1, '10.55': 1, '7.25': 1, '10.64': 1, '12.95': 1, '7.98': 1, '8.67': 1, '10.38': 1, '6.38': 1, '5.83': 1, '15.74': 1, '9.09': 1, '6.82': 1, '10.72': 1, '8.16': 1, '13': 1, '8.59': 1, '8.26': 1, '7.9': 1, '11.71': 1, '8.34': 1, '9.67': 1, '13.68': 1, '19.46': 1, '11.16': 1, '16.36': 1, '13.44': 1, '9.35': 1, '7.39': 1, '6.81': 1, '9.21': 1, '14.74': 1, '8.78': 1, '12.48': 1, '8.51': 1, '14.97': 1, '8.09': 1, '23.49': 1, '11.53': 1, '9.33': 1, '8.15': 1, '22.92': 1, '7.27': 1, '15.09': 1, '17.63': 1, '9.78': 1, '13.14': 1, '15.78': 1, '12.64': 1, '9.97': 1, '12.37': 1, '6.06': 1, '8.14': 1, '10.93': 1, '8.94': 1, '9.1': 1, '12.31': 1, 'sample unlabelled': 1, '11.51': 1, '7.8': 1, '9.55': 1, '12.83': 1, 'clotted': 1, '8.66': 1, '10.2': 1, '7.18': 1, '13.08': 1, '8.18': 1, '12.41': 1, 'Plasma only': 1, 'Clotted, Plasma only': 1, '4.96': 1, '12.58': 1, '9.48': 1, 'FBC clotted': 1, '12.22': 1, '6.88': 1, '12.08': 1, 'Rejected': 1, '10.48': 1, '9.34': 1, '13.32': 1, '17.2': 1, '6.58': 1, '23.25': 1, '9.94': 1, '7.42': 1, '16.46': 1, '12.04': 1, '13.75': 1, '11.03': 1, '8.83': 1, '11.19': 1, '12.35': 1, '9.63': 1, '11.58': 1, '16.27': 1, '9.3': 1, '7.63': 1, '11.6': 1, '8.58': 1, '11.55': 1, '18.51': 1, '9.83': 1, '12.03': 1, '8.43': 1, '14.73': 1, '2.52': 1, '7.2': 1, '11.67': 1, '17.56': 1, '9.06': 1, '14.02': 1, '7.82': 1, '23.31': 1, '9.9': 1, '12.74': 1, '9.14': 1, 'Clotted': 1, '12.73': 1, '10.25': 1}	182	32	13.061224489795919
222	blood_count_hb	{10.6: 11, 10.7: 11, 11.5: 11, 11.1: 9, 10.9: 9, 11.4: 8, 10.8: 8, 11.2: 8, 10.2: 6, 9.8: 6, 11.7: 6, 10.4: 5, 11.3: 5, 9.7: 5, 11.9: 5, 9.1: 4, 10.5: 4, 12.4: 4, 9.5: 4, 12.5: 3, 11.8: 3, 11.0: 3, 12.3: 3, 12.6: 3, 9.6: 2, 11.6: 2, 12.8: 2, 10.0: 2, 13.0: 2, 10.1: 2, 12.0: 2, 9.9: 2, 12.2: 2, 9.4: 2, 13.3: 2, 9.2: 1, 6.4: 1, 12.7: 1, 7.9: 1, 21.1: 1, 8.0: 1, 9.0: 1, 7.4: 1, 8.3: 1, 19.8: 1, 12.9: 1, 18.2: 1, 8.5: 1}	49	66	26.93877551020408
223	blood_count_plts	{'476': 3, '424': 3, '361': 2, '381': 2, '326': 2, '262': 2, '443': 2, '383': 2, '346': 2, '343': 2, '377': 2, '490': 2, '434': 2, '275': 2, '410': 2, '699': 2, '301': 2, '483': 2, '447': 2, '493': 2, '387': 2, '123': 2, '281': 2, '467': 2, '522': 2, '421': 1, '716': 1, '237': 1, '602': 1, '418': 1, '369': 1, '779': 1, '222': 1, '600': 1, '342': 1, '234': 1, '243': 1, '257': 1, '636': 1, '548': 1, '512': 1, '642': 1, '486': 1, '440': 1, '330': 1, '340': 1, '325': 1, '374': 1, '332': 1, '336': 1, '239': 1, '268': 1, '520': 1, '339': 1, '254': 1, '446': 1, '384': 1, '423': 1, '391': 1, '218': 1, '284': 1, '720': 1, '437': 1, '430': 1, '474': 1, '197': 1, '412': 1, '227': 1, '236': 1, '287': 1, '397': 1, '393': 1, '350': 1, '274': 1, '480': 1, '457': 1, '744': 1, '292': 1, '390': 1, '400': 1, '422': 1, '453': 1, '414': 1, '487': 1, '375': 1, '407': 1, '611': 1, '205': 1, '323': 1, '372': 1, '581': 1, '348': 1, '452': 1, '172': 1, '207': 1, '296': 1, '359': 1, '450': 1, '458': 1, '557': 1, '631': 1, '842': 1, '468': 1, '684': 1, '682': 1, '355': 1, '587': 1, '530': 1, '357': 1, '589': 1, '317': 1, '444': 1, '456': 1, 'clumped': 1, '331': 1, '360': 1, '333': 1, '291': 1, '278': 1, '273': 1, '376': 1, '277': 1, '307': 1, '311': 1, '647': 1, '451': 1, '349': 1, '117': 1, '539': 1, '507': 1, '485': 1, '320': 1, '503': 1, '426': 1, '431': 1, '645': 1, '433': 1, '551': 1, '247': 1, '204': 1, '363': 1, '403': 1, '463': 1, '378': 1, '113': 1, '338': 1, '159': 1, '373': 1, '44': 1, '399': 1, '567': 1, '495': 1}	153	66	26.93877551020408
224	blood_count_neutrophils	{'No diff': 5, '2.21': 3, '3.12': 3, '3.79': 3, '2.18': 3, '3.32': 2, '3.58': 2, '2.98': 2, '2.88': 2, '3.75': 2, '3.46': 2, '2.75': 2, '4.75': 2, '5.47': 2, '2.62': 2, '1.79': 2, '1.73': 2, '2.02': 2, '3.73': 2, '3.42': 2, '4.42': 2, '3.62': 2, '2.13': 2, '2.57': 2, '3.34': 2, '4.67': 1, '6.11': 1, '3.95': 1, '1.78': 1, '2.12': 1, '1.5': 1, '1.81': 1, '6.87': 1, '5.16': 1, '5.49': 1, '4.9': 1, '1.35': 1, '3.82': 1, '2.71': 1, '2.38': 1, '1.74': 1, '6.25': 1, '2.66': 1, '3.44': 1, '4.21': 1, '1.97': 1, '7.48': 1, '4.51': 1, '3.24': 1, '3.59': 1, '2.24': 1, '4.12': 1, '2.4': 1, '5.93': 1, '5.76': 1, '3.25': 1, '2.52': 1, '4.03': 1, '5.15': 1, '3.41': 1, '2.14': 1, '1.84': 1, '5.05': 1, '1.43': 1, '3.26': 1, '3.48': 1, '2.23': 1, '7.58': 1, '18.1': 1, '4.64': 1, '4.87': 1, '2.69': 1, '5.31': 1, '3.68': 1, '2.73': 1, '2.5': 1, '5.64': 1, '6.54': 1, '6.43': 1, '5.69': 1, '4.6': 1, '8.31': 1, '2.06': 1, '2.92': 1, '3.28': 1, '4.72': 1, '4.4': 1, '5.12': 1, '2.53': 1, '2.95': 1, '6.7': 1, '4.19': 1, '2.8': 1, '5.17': 1, 'blood_count_neutrophils': 1, '2.77': 1, '2.43': 1, '3.36': 1, '1': 1, '2.74': 1, '3.15': 1, '1.91': 1, '5.21': 1, '7.75': 1, '6.04': 1, '1.59': 1, '2.05': 1, '7.56': 1, '5.25': 1, '5.32': 1, '1.58': 1, '2.89': 1, '1.64': 1, '5.96': 1, '5.3': 1, '5.88': 1, '0.74': 1, '1.4': 1, '1.3': 1, '3.11': 1, '3.06': 1, '3.23': 1, '2.27': 1, '3.47': 1, '3.54': 1, '11.2': 1, '2.08': 1, '4.11': 1, '2.55': 1, '4.17': 1, '7.9': 1, '7.5': 1, '8.46': 1, '5.95': 1, '1.38': 1, '6.36': 1, '4.93': 1, '2.87': 1, '2.45': 1, '11.83': 1, '2.36': 1, '5.22': 1, '3.8': 1, '5.38': 1, '0.53': 1, '9.79': 1, '3.49': 1}	148	66	26.93877551020408
225	blood_count_monocytes	{0.59: 6, 0.6: 5, 0.94: 5, 0.81: 4, 0.75: 3, 1.09: 3, 1.24: 3, 0.82: 3, 0.48: 3, 1.07: 3, 0.53: 3, 0.64: 3, 0.61: 3, 1.63: 2, 1.19: 2, 1.26: 2, 0.57: 2, 0.85: 2, 0.56: 2, 0.91: 2, 0.44: 2, 0.55: 2, 0.67: 2, 1.25: 2, 2.12: 2, 0.41: 2, 0.95: 2, 0.39: 2, 0.19: 2, 0.77: 2, 0.89: 2, 0.92: 2, 1.06: 2, 0.96: 2, 1.14: 2, 0.99: 2, 0.65: 2, 1.42: 2, 0.25: 2, 1.05: 1, 0.28: 1, 0.86: 1, 0.18: 1, 1.29: 1, 1.23: 1, 0.5: 1, 0.37: 1, 2.3: 1, 0.49: 1, 0.84: 1, 1.03: 1, 1.45: 1, 0.76: 1, 1.08: 1, 1.37: 1, 1.01: 1, 0.71: 1, 0.88: 1, 0.78: 1, 1.17: 1, 1.16: 1, 0.83: 1, 1.4: 1, 2.43: 1, 0.9: 1, 0.54: 1, 1.35: 1, 1.5: 1, 1.46: 1, 3.27: 1, 1.56: 1, 0.09: 1, 1.52: 1, 0.45: 1, 3.86: 1, 0.69: 1, 0.17: 1, 2.29: 1, 0.35: 1, 0.31: 1, 1.11: 1, 1.2: 1, 0.407: 1, 0.73: 1, 0.98: 1, 1.94: 1, 0.43: 1, 2.17: 1, 9.0: 1, 0.87: 1, 0.72: 1, 0.26: 1, 2.1: 1, 1.13: 1, 1.69: 1, 3.5: 1, 0.93: 1, 1.73: 1, 1.3: 1, 3.17: 1, 0.97: 1, 1.12: 1, 0.79: 1, 1.38: 1, 1.81: 1, 1.51: 1, 1.95: 1, 2.0: 1, 1.47: 1, 0.7: 1, 2.09: 1, 1.02: 1, 0.68: 1, 0.46: 1}	115	71	28.979591836734695
226	blood_count_lymphocytes	{3.85: 3, 4.5: 3, 6.39: 3, 6.53: 2, 4.83: 2, 5.47: 2, 4.1: 2, 4.6: 2, 3.0: 2, 4.28: 2, 4.04: 2, 8.48: 2, 4.57: 2, 5.93: 2, 4.91: 2, 4.14: 2, 4.56: 2, 6.78: 2, 6.01: 2, 4.76: 2, 3.78: 2, 7.98: 2, 4.49: 2, 3.82: 1, 4.99: 1, 3.54: 1, 5.09: 1, 5.27: 1, 3.2: 1, 4.01: 1, 4.07: 1, 6.82: 1, 8.21: 1, 7.22: 1, 5.89: 1, 6.25: 1, 5.95: 1, 7.79: 1, 7.0: 1, 5.42: 1, 3.42: 1, 9.2: 1, 3.96: 1, 5.55: 1, 4.59: 1, 5.01: 1, 6.84: 1, 7.41: 1, 5.19: 1, 6.88: 1, 6.4: 1, 3.6: 1, 8.83: 1, 4.73: 1, 4.94: 1, 3.9: 1, 2.35: 1, 7.6: 1, 3.47: 1, 5.24: 1, 2.13: 1, 6.41: 1, 3.67: 1, 8.49: 1, 4.05: 1, 2.81: 1, 3.1: 1, 12.96: 1, 5.34: 1, 6.81: 1, 8.36: 1, 5.64: 1, 3.12: 1, 3.87: 1, 4.64: 1, 7.23: 1, 7.3: 1, 4.23: 1, 8.38: 1, 5.05: 1, 8.94: 1, 5.79: 1, 4.79: 1, 5.66: 1, 7.11: 1, 6.13: 1, 6.29: 1, 7.7: 1, 6.8: 1, 3.09: 1, 2.18: 1, 7.58: 1, 7.46: 1, 9.31: 1, 5.48: 1, 5.99: 1, 8.15: 1, 8.82: 1, 4.4: 1, 5.73: 1, 3.66: 1, 9.59: 1, 3.17: 1, 5.41: 1, 7.13: 1, 7.08: 1, 4.55: 1, 7.55: 1, 8.44: 1, 3.27: 1, 2.44: 1, 3.77: 1, 7.06: 1, 4.2: 1, 5.14: 1, 5.9: 1, 5.77: 1, 5.4: 1, 4.25: 1, 3.45: 1, 10.49: 1, 4.48: 1, 6.92: 1, 5.13: 1, 4.45: 1, 5.72: 1, 7.16: 1, 5.22: 1, 6.97: 1, 10.51: 1, 5.91: 1, 5.75: 1, 4.81: 1, 4.75: 1, 6.55: 1, 6.15: 1, 6.43: 1, 7.73: 1, 4.9: 1, 6.17: 1, 9.66: 1, 5.37: 1, 3.24: 1, 1.53: 1, 6.05: 1, 2.42: 1, 5.02: 1}	148	72	29.387755102040817
227	blood_count_eosinophils	{0.0: 8, 0.24: 5, 0.1: 5, 0.55: 5, 0.13: 4, 0.31: 4, 0.2: 4, 0.26: 4, 0.25: 4, 0.53: 4, 0.08: 3, 0.48: 3, 0.49: 3, 0.07: 3, 0.16: 3, 0.11: 3, 0.76: 2, 1.87: 2, 0.3: 2, 0.86: 2, 0.93: 2, 0.23: 2, 0.37: 2, 0.41: 2, 0.12: 2, 0.64: 2, 0.34: 2, 0.94: 2, 0.21: 2, 0.18: 2, 0.14: 2, 0.27: 2, 0.36: 2, 1.01: 2, 0.29: 2, 0.15: 2, 0.58: 2, 0.19: 2, 0.51: 2, 0.43: 2, 0.44: 1, 0.52: 1, 1.14: 1, 1.45: 1, 1.35: 1, 1.38: 1, 0.05: 1, 0.81: 1, 0.59: 1, 1.0: 1, 2.83: 1, 2.13: 1, 0.5: 1, 0.09: 1, 1.31: 1, 0.22: 1, 1.03: 1, 0.28: 1, 3.26: 1, 0.35: 1, 0.4: 1, 0.77: 1, 1.57: 1, 0.38: 1, 2.36: 1, 1.04: 1, 0.54: 1, 0.39: 1, 0.091: 1, 0.78: 1, 0.089: 1, 0.097: 1, 0.2442: 1, 0.32: 1, 1.41: 1, 8.48: 1, 0.9: 1, 1.84: 1, 0.85: 1, 0.62: 1, 1.74: 1, 2.18: 1, 0.71: 1, 0.47: 1, 1.32: 1, 0.57: 1, 0.66: 1, 2.25: 1, 0.99: 1, 0.82: 1, 2.06: 1, 2.58: 1, 0.33: 1, 0.79: 1, 0.74: 1, 0.68: 1, 0.02: 1, 0.45: 1, 4.22: 1, 0.42: 1, 2.46: 1, 0.06: 1, 0.72: 1}	104	69	28.163265306122447
228	itch	{1.0: 116}	2	129	52.6530612244898
229	onset_before_2	{'1': 113, 'onset_before_2': 2, '0': 1, '?': 1}	5	128	52.244897959183675
230	hx_flexural_ad	{1.0: 116}	2	129	52.6530612244898
231	hx_dry_skin	{1.0: 116}	2	129	52.6530612244898
232	personal_1degree_atopy	{0.0: 63, 1.0: 52}	3	130	53.06122448979592
233	flexural_ad_vis	{1.0: 103, 0.0: 12}	3	130	53.06122448979592
234	scorad	{'25.3': 3, 'NR': 3, '44.1': 3, '21.8': 3, '33.1': 2, '43': 2, '44.8': 2, '39.7': 2, '40.5': 2, '42.9': 2, '58.4': 2, '41.3': 2, '23.2': 2, '43.2': 2, '34.5': 2, '40.1': 2, '37.5': 2, '38.3': 1, '37.9': 1, '28.6': 1, '78.5': 1, '54.4': 1, '51.5': 1, '22.2': 1, '28.9': 1, '24.7': 1, '47.5': 1, '56.5': 1, '41.9': 1, '52': 1, '29.6': 1, '75': 1, '56.6': 1, '53.8': 1, '32.5': 1, '54.3': 1, '42.5': 1, '42': 1, '49.4': 1, '25.4': 1, '25.5': 1, '43.4': 1, '45': 1, '39.5': 1, '35.9': 1, '78.3': 1, '44.7': 1, '66': 1, '75.2': 1, '49.5': 1, '53.5': 1, '32.2': 1, '30': 1, '29.7': 1, '21.4': 1, '36.8': 1, '25.7': 1, '82.2': 1, '44.3': 1, '44.2': 1, '36': 1, '53.2': 1, '24.6': 1, '32.3': 1, '44': 1, '26.5': 1, '61.1': 1, '30.4': 1, '41.1': 1, '33.3': 1, '30.1': 1, '22': 1, '60': 1, '32.4': 1, '78.2': 1, '23': 1, '65.2': 1, '34.6': 1, '34.7': 1, '42.7': 1, '34.3': 1, '26.1': 1, '61': 1, '28.4': 1, '67.6': 1, '48': 1, '43.8': 1, '36.2': 1, '43.1': 1, '22.4': 1, '66.6': 1, '37.7': 1, '55.5': 1, '54.8': 1, '10.5': 1}	96	129	52.6530612244898
235	bsa	{6.0: 9, 4.0: 7, 4.5: 6, 5.0: 6, 10.0: 6, 8.0: 5, 15.0: 5, 10.5: 4, 14.0: 4, 22.5: 3, 20.0: 3, 9.0: 3, 15.5: 2, 8.5: 2, 2.0: 2, 12.5: 2, 95.0: 2, 96.0: 2, 11.0: 2, 31.0: 2, 12.0: 2, 21.0: 2, 30.0: 1, 27.0: 1, 26.5: 1, 16.5: 1, 37.0: 1, 47.5: 1, 24.0: 1, 23.5: 1, 94.0: 1, 3.0: 1, 14.5: 1, 20.5: 1, 67.5: 1, 31.5: 1, 34.5: 1, 23.0: 1, 9.5: 1, 16.0: 1, 40.5: 1, 7.0: 1, 35.5: 1, 13.5: 1, 64.0: 1, 28.5: 1, 76.0: 1, 11.5: 1, 18.0: 1, 28.0: 1, 43.0: 1, 13.0: 1, 54.0: 1, 0.0: 1}	55	132	53.87755102040816
236	erythema	{2.0: 36, 1.0: 33, 3.0: 26, 0.0: 18}	5	132	53.87755102040816
237	edema	{1.0: 34, 2.0: 33, 0.0: 31, 3.0: 15}	5	132	53.87755102040816
238	oozing	{0.0: 87, 1.0: 14, 2.0: 8, 3.0: 4}	5	132	53.87755102040816
239	excoriation	{3.0: 59, 2.0: 42, 1.0: 11, 0.0: 1}	5	132	53.87755102040816
240	lichenification	{3.0: 69, 2.0: 28, 1.0: 13, 0.0: 3}	5	132	53.87755102040816
241	dryness	{3.0: 74, 2.0: 36, 1.0: 3}	4	132	53.87755102040816
242	stool_katokatz	{'negative': 154, 'No stool': 56, 'positive': 7}	4	28	11.428571428571429
243	PID_2	{'CA-001-LS': 1, 'CO-035-SM': 1, 'CO-024-KM': 1, 'CO-025-TM': 1, 'CO-026-LT': 1, 'CO-027-IF': 1, 'CO-028-UV': 1, 'CO-029-YL': 1, 'CO-030-AL': 1, 'CO-031-LM': 1, 'CO-032-AR': 1, 'CO-033-LN': 1, 'CO-034-AS': 1, 'CO-036-UM': 1, 'CA-154-OS': 1, 'CO-037-LM': 1, 'CO-038-AG': 1, 'CO-039-KG': 1, 'CO-040-ST': 1, 'CO-041-LC': 1, 'CO-042-LN': 1, 'CO-043-ZS': 1, 'CO-044-KM': 1, 'CO-045-AM': 1, 'CO-046-KL': 1, 'CO-047-LV': 1, 'CO-023-AN': 1, 'CO-022-EN': 1, 'CO-021/LM': 1, 'CO-020/LM': 1, 'CA-156-MV': 1, 'CA-158-LC': 1, 'CA-159-AS': 1, 'CA-160-LB': 1, 'CA-161-OM': 1, 'CO-001-SM': 1, 'CO-002-MP': 1, 'CO-003-LT': 1, 'CO-004-LN': 1, 'CO-005-SN': 1, 'CO-006-LM': 1, 'CO-007-IS': 1, 'CO-008-AF': 1, 'CO-009-ZN': 1, 'CO-010-OB': 1, 'CO-011-SF': 1, 'CO-012-ON': 1, 'CO-013-AY': 1, 'CO-014-TN': 1, 'CO-015-OJ': 1, 'CO-016-CB': 1, 'CO-018/HP': 1, 'CO-019/KW': 1, 'CO-048-IB': 1, 'CO-049-LJ': 1, 'CO-050-AH': 1, 'CO-128-IV': 1, 'CO-130-MM': 1, 'CO-131-AM': 1, 'CO-132-IM': 1, 'CO-133-KT': 1, 'CO-134-KK': 1, 'CO-135-LT': 1, 'CO-136-SM': 1, 'CO-137-AM': 1, 'CO-138-AT': 1, 'CO-139-MP': 1, 'CO-140-IM': 1, 'CO-141-IG': 1, 'CO-142LP': 1, 'CO-143-AN': 1, 'CO-144-LM': 1, 'CO-145-HN': 1, 'CO-146-LK': 1, 'CO-147-SV': 1, 'CO-148-IM': 1, 'CO-149-LM': 1, 'CO-150-LN': 1, 'CO-151-AN': 1, 'CO-152-AF': 1, 'CO-129-IS': 1, 'CO-127-MB': 1, 'CO-101-AN': 1, 'CO-126-ID': 1, 'CO-102-LP': 1, 'CO-103-MM': 1, 'CO-104-IV': 1, 'CO-105-IV': 1, 'CO-106-AB': 1, 'CO-108-OG': 1, 'CO-109-AG': 1, 'CO-110-SW': 1, 'CO-111-AM': 1, 'CO-112-SN': 1, 'CO-113-MM': 1, 'CO-114-IG': 1, 'CO-115-SG': 1, 'CO-116-MR': 1, 'CO-117-AG': 1, 'CO-118-MG': 1, 'CO-119-MG': 1, 'CO-120-MM': 1, 'CO-121-MM': 1, 'CO-122-IS': 1, 'CO-123-LZ': 1, 'CO-124-UM': 1, 'CO-125-MM': 1, 'CA-155-LS': 1, 'CA-153-MN': 1, 'CA-002-YF': 1, 'CA-041-AS': 1, 'CA-030-LM': 1, 'CA-031-AN': 1, 'CA-032-LN': 1, 'CA-033-UD': 1, 'CA-034-LS': 1, 'CA-035-AR': 1, 'CA-036-TK': 1, 'CA-037-HM': 1, 'CA-038-LM': 1, 'CA-039-EM': 1, 'CA-040-ZK': 1, 'CA-042-AM': 1, 'CA-152-HN': 1, 'CA-043-SS': 1, 'CA-044-LM': 1, 'CA-045-HN': 1, 'CA-046-MT': 1, 'CA-047-MD': 1, 'CA-048-LN': 1, 'CA-049-MM': 1, 'CA-050-LN': 1, 'CA-051-AM': 1, 'CA-052-LM': 1, 'CA-053-NN': 1, 'CA-029-TD': 1, 'CA-028-PN': 1, 'CA-027-IM': 1, 'CA-026-KM': 1, 'CA-003-US': 1, 'CA-004-NK': 1, 'CA-005-BD': 1, 'CA-006-ON': 1, 'CA-007-NK': 1, 'CA-008-HN': 1, 'CA-009-ST': 1, 'CA-010-EB': 1, 'CA-011-LQ': 1, 'CA-012-LM': 1, 'CA-013-NN': 1, 'CA-014-LB': 1, 'CA-015-AM': 1, 'CA-016-YT': 1, 'CA-017-OM': 1, 'CA-018-AS': 1, 'CA-019-EC': 1, 'CA-020-AZ': 1, 'CA-021-IM': 1, 'CA-022-MS': 1, 'CA-023-EJ': 1, 'CA-024-ZM': 1, 'CA-025-AC': 1, 'CA-054-RN': 1, 'CA-055-LN': 1, 'CA-056-DH': 1, 'CA-127-OM': 1, 'CA-129-AJ': 1, 'CA-130-SN': 1, 'CA-131-PM': 1, 'CA-132-LD': 1, 'CA-133-LT': 1, 'CA-134-IT': 1, 'CA-135-NS': 1, 'CA-136-OM': 1, 'CA-137-TM': 1, 'CA-138-SM': 1, 'CA-139-OS': 1, 'CA-140-EM': 1, 'CA-141-TC': 1, 'CA-142-AM': 1, 'CA-143-ST': 1, 'CA-144-HN': 1, 'CA-145-LM': 1, 'CA-146-SM': 1, 'CA-147-LJ': 1, 'CA-148-AL': 1, 'CA-149-LM': 1, 'CA-150-ZS': 1, 'CA-151-QR': 1, 'CA-128-SN': 1, 'CA-126-KB': 1, 'CA-101-ID': 1, 'CA-125-IM': 1, 'CA-102-IR': 1, 'CA-103-BT': 1, 'CA-104-SB': 1, 'CA-105-LX': 1, 'CA-106-NM': 1, 'CA-107-BM': 1, 'CA-108-EJ': 1, 'CA-109-BJ': 1, 'CA-110-LN': 1, 'CA-111-IN': 1, 'CA-112-AM': 1, 'CA-113-MN': 1, 'CA-114-QT': 1, 'CA-115-OM': 1, 'CA-116-AN': 1, 'CA-117-SM': 1, 'CA-118-AS': 1, 'CA-119-AM': 1, 'CA-120-ST': 1, 'CA-121-BT': 1, 'CA-122-UK': 1, 'CA-123-PG': 1, 'CA-124-AB': 1, 'CO-153-YM': 1}	218	28	11.428571428571429
244	subject_code	{'CA010EB': 1, 'CO043ZS': 1, 'CO035SM': 1, 'CO036UM': 1, 'CO037LM': 1, 'CO038AG': 1, 'CO039KG': 1, 'CO040ST': 1, 'CO041LC': 1, 'CO044KM': 1, 'CO033LN': 1, 'CO045AM': 1, 'CO046KL': 1, 'CO047LV': 1, 'CO048IB': 1, 'CO049LJ': 1, 'CO101AN': 1, 'CO102LP': 1, 'CO034AS': 1, 'CO032AR': 1, 'CO104IV': 1, 'CO020LM': 1, 'CO012ON': 1, 'CO013AY': 1, 'CO014TN': 1, 'CO015OJ': 1, 'CO016CB': 1, 'CO018HP': 1, 'CO019KW': 1, 'CO021LM': 1, 'CO031LM': 1, 'CO022EN': 1, 'CO024YM': 1, 'CO025TM': 1, 'CO027IF': 1, 'CO028UV': 1, 'CO029YL': 1, 'CO030AL': 1, 'CO103MM': 1, 'CO105IV': 1, 'CO010OB': 1, 'CO140IM': 1, 'CO132IM': 1, 'CO133KT': 1, 'CO134KK': 1, 'CO135LT': 1, 'CO136SM': 1, 'CO138AT': 1, 'CO139MP': 1, 'CO141IG': 1, 'CO130MM': 1, 'CO142LP': 1, 'CO143AN': 1, 'CO144LM': 1, 'CO145HN': 1, 'CO146LK': 1, 'CO147SV': 1, 'CO148IM': 1, 'CO131AM': 1, 'CO128IV': 1, 'CO106AB': 1, 'CO115SG': 1, 'CO108OG': 1, 'CO109AG': 1, 'CO110SW': 1, 'CO111AM': 1, 'CO112SN': 1, 'CO113MM': 1, 'CO114IG': 1, 'CO116MR': 1, 'CO127MB': 1, 'CO117TG': 1, 'CO118MG': 1, 'CO119MG': 1, 'CO120MM': 1, 'CO121MM': 1, 'CO123LZ': 1, 'CO124UM': 1, 'CO011SF': 1, 'CO009ZN': 1, 'CA011LQ': 1, 'CA054RN': 1, 'CA045HN': 1, 'CA046MT': 1, 'CA047MD': 1, 'CA048LN': 1, 'CA049MM': 1, 'CA051AM': 1, 'CA052LM': 1, 'CA055LN': 1, 'CA042AM': 1, 'CA056DH': 1, 'CA101ID': 1, 'CA104SB': 1, 'CA105LX': 1, 'CA106NM': 1, 'CA108EJ': 1, 'CA109BJ': 1, 'CA043SS': 1, 'CA041AS': 1, 'CA111IN': 1, 'CA026KM': 1, 'CA014LB': 1, 'CA015AM': 1, 'CA021IM': 1, 'CA022MS': 1, 'CA023EJ': 1, 'CA024ZM': 1, 'CA025AC': 1, 'CA027IM': 1, 'CA040ZK': 1, 'CA028PN': 1, 'CA029TD': 1, 'CA034LS': 1, 'CA035AR': 1, 'CA037HN': 1, 'CA038LM': 1, 'CA039EM': 1, 'CA110LN': 1, 'CA112AM': 1, 'CO008AF': 1, 'CA148AL': 1, 'CA141TC': 1, 'CA142AM': 1, 'CA143ST': 1, 'CA144HN': 1, 'CA145LM': 1, 'CA146SM': 1, 'CA147LJ': 1, 'CA150ZC': 1, 'CA139OS': 1, 'CA151QR': 1, 'CA152HN': 1, 'CA154OS': 1, 'CA155LS': 1, 'CA156MV': 1, 'CA158LC': 1, 'CA159AS': 1, 'CA140EM': 1, 'CA138SM': 1, 'CA115OM': 1, 'CA126KB': 1, 'CA117SM': 1, 'CA118AS': 1, 'CA119AM': 1, 'CA120ST': 1, 'CA123PG': 1, 'CA124AB': 1, 'CA125IM': 1, 'CA127OM': 1, 'CA137TM': 1, 'CA128SN': 1, 'CA129AJ': 1, 'CA131PM': 1, 'CA132LD': 1, 'CA134IT': 1, 'CA135NS': 1, 'CA136OM': 1, 'CO149LM': 1}	160	86	35.10204081632653
245	group	{'CONTROL': 81, 'CASE': 78}	3	86	35.10204081632653
246	country	{'South Africa': 217, 'Switzerland': 28}	2	0	0.0
